1027	aba.myspecies.info	/var/aegir/platforms/scratchpads-2.10.1	abamyspeciesinfo	sp-data-02
3673	ablepharuslit.myspecies.info	/var/aegir/platforms/scratchpads-2.9.16	ablepharuslitm_0	sp-data-02
4571	abrusinthailand.myspecies.info	/var/aegir/platforms/scratchpads-2.10.1	abrusinthailan_0	sp-data-03
3921	acanthaceae.myspecies.info	/var/aegir/platforms/scratchpads-2.10.1	acanthaceaemys_0	sp-data-02
4342	acanthaceaeth.myspecies.info	/var/aegir/platforms/scratchpads-2.10.1	acanthaceaethm_0	sp-data-01
1648	acanthocephala.myspecies.info	/var/aegir/platforms/scratchpads-2.10.1	acanthocephala_0	sp-data-02
2235	acianthinae.myspecies.info	/var/aegir/platforms/scratchpads-2.10.1	acianthinaemys_0	sp-data-01
1820	acoela.myspecies.info	/var/aegir/platforms/scratchpads-2.10.1	acoelamyspecie_1	sp-data-01
4010	aconitum.myspecies.info	/var/aegir/platforms/scratchpads-2.9.17.1	aconitummyspecie	sp-data-02
4078	acrocephalus.vaibla.net	/var/aegir/platforms/scratchpads-2.10.1	acrocephalusva_1	sp-data-01
1328	aenictinaeurope.myspecies.info	/var/aegir/platforms/scratchpads-2.10.1	aenictinaeuropem	sp-data-03
1267	aeridinae.e-monocot.org	/var/aegir/platforms/scratchpads-2.10.1	aeridinaeemonoco	sp-data-03
3761	aframomum.myspecies.info	/var/aegir/platforms/scratchpads-2.10.1	aframomummyspeci	sp-data-03
2697	afribats.myspecies.info	/var/aegir/platforms/scratchpads-2.10.1	afribatsmyspecie	sp-data-03
3453	african-fungi.myspecies.info	/var/aegir/platforms/scratchpads-2.10.1	africanfungimysp	sp-data-01
2833	africanamphibians.myspecies.info	/var/aegir/platforms/scratchpads-2.10.1	africanamphibian	sp-data-02
5047	africanfreshwater.org	/var/aegir/platforms/scratchpads-2.10.1	africanfreshwa_0	sp-data-01
4234	africanmoss.myspecies.info	/var/aegir/platforms/scratchpads-2.10.1	africanmossmys_0	sp-data-02
4370	africanpalms.myspecies.info	/var/aegir/platforms/scratchpads-2.10.1	africanpalmsmy_0	sp-data-03
2135	africhthy.org	/var/aegir/platforms/scratchpads-2.10.1	africhthyorg_0	sp-data-02
2127	afroannons.myspecies.info	/var/aegir/platforms/scratchpads-2.10.1	afroannonsmyspec	sp-data-02
27005	afrotropical-culicidae.myspecies.info	/var/aegir/platforms/scratchpads-2.10.1	afrotropicalculi	sp-data-03
2479	agelenidsoftheworld.myspecies.info	/var/aegir/platforms/scratchpads-2.10.1	agelenidsofthe_0	sp-data-03
3617	agromyzid.myspecies.info	/var/aegir/platforms/scratchpads-2.10.1	agromyzidmyspe_0	sp-data-02
16616	agromyzidae.myspecies.info	/var/aegir/platforms/scratchpads-2.10.1	agromyzidaemys_0	sp-data-03
1664	aipa.myspecies.info	/var/aegir/platforms/scratchpads-2.10.1	aipamyspeciesi_0	sp-data-03
4759	algaevision.myspecies.info	/var/aegir/platforms/scratchpads-2.10.1	algaevisionmys_0	sp-data-03
16629	algaldiseases.myspecies.info	/var/aegir/platforms/scratchpads-2.10.1	algaldiseasesmys	sp-data-02
2008	alice.myspecies.info	/var/aegir/platforms/scratchpads-2.10.1	alicemyspecies_0	sp-data-02
1500	alienplantsbelgium.be	/var/aegir/platforms/scratchpads-2.10.1	alienplantsbel_2	sp-data-03
3225	aliens-hb.myspecies.info	/var/aegir/platforms/scratchpads-2.10.1	alienshbmyspec_0	sp-data-01
32372	alientoma.myspecies.info	/var/aegir/platforms/scratchpads-2.10.1	alientomamyspeci	sp-data-02
1912	alismataceae.e-monocot.org	/var/aegir/platforms/scratchpads-2.10.1	alismataceaeem_0	sp-data-02
4671	alkcarb.myspecies.info	/var/aegir/platforms/scratchpadsmaster	alkcarbmyspecies	sp-data-02
2227	alpheidae.myspecies.info	/var/aegir/platforms/scratchpads-2.10.1	alpheidaemyspe_0	sp-data-03
22581	alpineplants.myspecies.info	/var/aegir/platforms/scratchpads-2.10.1	alpineplantsmysp	sp-data-01
4583	alysicarpus.myspecies.info	/var/aegir/platforms/scratchpads-2.10.1	alysicarpusmys_0	sp-data-03
1508	amaryllidaceae.e-monocot.org	/var/aegir/platforms/scratchpads-2.10.1	amaryllidaceae_0	sp-data-02
2307	amaryllidaceae.myspecies.info	/var/aegir/platforms/scratchpads-2.10.1	amaryllidaceae_1	sp-data-02
4667	amorphophallus.myspecies.info	/var/aegir/platforms/scratchpads-2.10.1	amorphophallus_0	sp-data-01
3049	ampullariidae.myspecies.info	/var/aegir/platforms/scratchpads-2.10.1	ampullariidaem_0	sp-data-02
4290	andropogoneae.myspecies.info	/var/aegir/platforms/scratchpads-2.10.1	andropogoneaem_0	sp-data-03
3009	angiosperms.myspecies.info	/var/aegir/platforms/scratchpads-2.10.1	angiospermsmys_0	sp-data-02
1924	annelida.myspecies.info	/var/aegir/platforms/scratchpads-2.10.1	annelidamyspec_0	sp-data-02
2231	annonaceae.myspecies.info	/var/aegir/platforms/scratchpads-2.10.1	annonaceaemysp_0	sp-data-02
3201	anolislizards.myspecies.info	/var/aegir/platforms/scratchpads-2.10.1	anolislizardsm_0	sp-data-01
2004	anseriformes.myspecies.info	/var/aegir/platforms/scratchpads-2.10.1	anseriformesmy_0	sp-data-01
1352	anthemideae.myspecies.info	/var/aegir/platforms/scratchpads-2.10.1	anthemideaemys_0	sp-data-02
43090	anthophila.myspecies.info	/var/aegir/platforms/scratchpads-2.10.1	anthophilamyspec	sp-data-03
1300	anthyllisvulneraria.myspecies.info	/var/aegir/platforms/scratchpads-2.10.1	anthyllisvulne_0	sp-data-03
6079	antkey.org	/var/aegir/platforms/scratchpads-2.10.1	antkeyorg_0	sp-data-01
16623	antsme.myspecies.info	/var/aegir/platforms/scratchpads-2.10.1	antsmemyspeciesi	sp-data-03
2143	aphodiinae.myspecies.info	/var/aegir/platforms/scratchpads-2.10.1	aphodiinaemysp_0	sp-data-03
3393	apocynaceae.myspecies.info	/var/aegir/platforms/scratchpads-2.10.1	apocynaceaemys_0	sp-data-03
2403	apoidea.myspecies.info	/var/aegir/platforms/scratchpads-2.10.1	apoideamyspeci_0	sp-data-03
3837	aponogetonaceae.e-monocot.org	/var/aegir/platforms/scratchpads-2.10.1	aponogetonacea_0	sp-data-01
3649	apotheca.myspecies.info	/var/aegir/platforms/scratchpads-2.10.1	apothecamyspec_0	sp-data-01
2203	araceae.e-monocot.org	/var/aegir/platforms/scratchpads-2.10.1	araceaeemonoco_0	sp-data-02
2055	araceae.myspecies.info	/var/aegir/platforms/scratchpads-2.10.1	araceaemyspeci_0	sp-data-01
2705	arachnids.myspecies.info	/var/aegir/platforms/scratchpads-2.10.1	arachnidsmyspe_0	sp-data-01
2689	archaeognatha.myspecies.info	/var/aegir/platforms/scratchpads-2.10.1	archaeognatham_0	sp-data-02
1340	arcticplants.myspecies.info	/var/aegir/platforms/scratchpads-2.10.1	arcticplantsmy_0	sp-data-03
9511	aristotlesplants.myspecies.info	/var/aegir/platforms/scratchpads-2.10.1	aristotlesplan_1	sp-data-01
2183	aroidsthailand.myspecies.info	/var/aegir/platforms/scratchpads-2.10.1	aroidsthailand_0	sp-data-02
3269	arthropoda.myspecies.info	/var/aegir/platforms/scratchpads-2.10.1	arthropodamysp_0	sp-data-03
2881	asterozoa.myspecies.info	/var/aegir/platforms/scratchpads-2.10.1	asterozoamyspe_0	sp-data-02
2283	atdnmorphospecies.myspecies.info	/var/aegir/platforms/scratchpads-2.10.1	atdnmorphospec_0	sp-data-02
3129	atlaspapillonsmidipyrenees.myspecies.info	/var/aegir/platforms/scratchpads-2.10.1	atlaspapillons_0	sp-data-02
2693	atyaephyra.myspecies.info	/var/aegir/platforms/scratchpads-2.10.1	atyaephyramysp_0	sp-data-01
2483	ausgrass2.myspecies.info	/var/aegir/platforms/scratchpads-2.10.1	ausgrass2myspe_0	sp-data-02
1948	australasianasiloidea.myspecies.info	/var/aegir/platforms/scratchpads-2.10.1	australasianas_0	sp-data-03
3821	avesamericanas.myspecies.info	/var/aegir/platforms/scratchpads-2.10.1	avesamericanas_0	sp-data-01
2211	aww.myspecies.info	/var/aegir/platforms/scratchpads-2.10.1	awwmyspeciesin_0	sp-data-01
3857	babotanica.myspecies.info	/var/aegir/platforms/scratchpads-2.10.1	babotanicamysp_0	sp-data-03
4050	baskinsecta.myspecies.info	/var/aegir/platforms/scratchpads-2.10.1	baskinsectamys_0	sp-data-03
1115	batrach.myspecies.info	/var/aegir/platforms/scratchpads-2.10.1	batrachmyspeci_0	sp-data-01
2909	bebol.myspecies.info	/var/aegir/platforms/scratchpads-2.10.1	bebolmyspecies_0	sp-data-03
3161	beefossils.myspecies.info	/var/aegir/platforms/scratchpads-2.10.1	beefossilsmysp_0	sp-data-03
43233	beesofcanada.myspecies.info	/var/aegir/platforms/scratchpads-2.10.1	beesofcanadamy_0	sp-data-02
3709	bembidion.info	/var/aegir/platforms/scratchpads-2.10.1	bembidioninfo_0	sp-data-03
4230	benthic-foraminifera.myspecies.info	/var/aegir/platforms/scratchpads-2.10.1	benthicforamin_0	sp-data-02
1380	bermudalichens.myspecies.info	/var/aegir/platforms/scratchpads-2.10.1	bermudalichens_0	sp-data-01
1588	bg-cicadidae.myspecies.info	/var/aegir/platforms/scratchpads-2.10.1	bgcicadidaemys_0	sp-data-02
3261	bijagual.myspecies.info	/var/aegir/platforms/scratchpads-2.10.1	bijagualmyspec_0	sp-data-01
2893	bioacoustics.myspecies.info	/var/aegir/platforms/scratchpads-2.10.1	bioacousticsmy_0	sp-data-02
3169	bioamba.myspecies.info	/var/aegir/platforms/scratchpads-2.10.1	bioambamyspeci_0	sp-data-01
4074	biodiversidadelubango.myspecies.info	/var/aegir/platforms/scratchpads-2.10.1	biodiversidade_0	sp-data-03
3509	biodiversityciliatessc.myspecies.info	/var/aegir/platforms/scratchpads-2.10.1	biodiversityci_0	sp-data-03
1616	biodiversityunitcmru.myspecies.info	/var/aegir/platforms/scratchpads-2.10.1	biodiversityun_0	sp-data-01
1828	bionoset.myspecies.info	/var/aegir/platforms/scratchpads-2.10.1	bionosetmyspec_0	sp-data-02
1896	biosensors.myspecies.info	/var/aegir/platforms/scratchpads-2.10.1	biosensorsmysp_0	sp-data-01
4747	biotalent.myspecies.info	/var/aegir/platforms/scratchpads-2.10.1	biotalentmyspe_0	sp-data-03
1207	blattodea-culture-group.org	/var/aegir/platforms/scratchpads-2.10.1	blattodeacultu_0	sp-data-03
4803	bogidiellids.myspecies.info	/var/aegir/platforms/scratchpads-2.10.1	bogidiellidsmy_0	sp-data-02
9507	bombus-bg.myspecies.info	/var/aegir/platforms/scratchpads-2.10.1	bombusbgmyspecie	sp-data-03
3681	bombus.myspecies.info	/var/aegir/platforms/scratchpads-2.10.1	bombusmyspecie_0	sp-data-01
4206	bopco.myspecies.info	/var/aegir/platforms/scratchpads-2.10.1	bopcomyspecies_3	sp-data-02
2917	boraginales.myspecies.info	/var/aegir/platforms/scratchpads-2.10.1	boraginalesmys_1	sp-data-02
2327	bormene.myspecies.info	/var/aegir/platforms/scratchpads-2.10.1	bormenemyspeci_0	sp-data-02
1420	borneanlandsnails.myspecies.info	/var/aegir/platforms/scratchpads-2.10.1	borneanlandsna_0	sp-data-02
3953	borneobeetles.myspecies.info	/var/aegir/platforms/scratchpads-2.10.1	borneobeetlesm_0	sp-data-03
4711	brazilianfungi.myspecies.info	/var/aegir/platforms/scratchpads-2.10.1	brazilianfungi_0	sp-data-03
2199	british-earthworms.myspecies.info	/var/aegir/platforms/scratchpads-2.10.1	britishearthwo_0	sp-data-02
2809	britishbryozoans.myspecies.info	/var/aegir/platforms/scratchpads-2.10.1	britishbryozoa_0	sp-data-02
4663	britishfleas.myspecies.info	/var/aegir/platforms/scratchpads-2.10.1	britishfleasmy_0	sp-data-03
4739	britishfleas2.myspecies.info	/var/aegir/platforms/scratchpads-2.10.1	britishfleas2m_0	sp-data-01
3849	britishpsyllids.myspecies.info	/var/aegir/platforms/scratchpads-2.10.1	britishpsyllid_0	sp-data-01
13035	bromeliaceasuy.myspecies.info	/var/aegir/platforms/scratchpads-2.10.1	bromeliaceasuy_0	sp-data-03
2993	bryobr.myspecies.info	/var/aegir/platforms/scratchpads-2.10.1	bryobrmyspecie_0	sp-data-01
22568	bryophyta.myspecies.info	/var/aegir/platforms/scratchpads-2.10.1	bryophytamyspeci	sp-data-03
2443	bryophytes.myspecies.info	/var/aegir/platforms/scratchpads-2.10.1	bryophytesmysp_0	sp-data-03
3789	buccinids.myspecies.info	/var/aegir/platforms/scratchpads-2.10.1	buccinidsmyspe_0	sp-data-01
4595	buckwheat.myspecies.info	/var/aegir/platforms/scratchpads-2.10.1	buckwheatmyspe_0	sp-data-01
4735	c4cscience.myspecies.info	/var/aegir/platforms/scratchpads-2.10.1	c4csciencemysp_0	sp-data-03
1612	cabombaceae.myspecies.info	/var/aegir/platforms/scratchpads-2.10.1	cabombaceaemys_0	sp-data-02
3429	calyptraeids.myspecies.info	/var/aegir/platforms/scratchpads-2.10.1	calyptraeidsmy_0	sp-data-01
2701	campanulaceae.myspecies.info	/var/aegir/platforms/scratchpads-2.10.1	campanulaceaem_0	sp-data-02
3841	camptosomata.myspecies.info	/var/aegir/platforms/scratchpads-2.10.1	camptosomatamy_0	sp-data-02
2067	cannaceae.e-monocot.org	/var/aegir/platforms/scratchpads-2.10.1	cannaceaeemono_1	sp-data-02
3137	caterpillars.myspecies.info	/var/aegir/platforms/scratchpads-2.10.1	caterpillarsmy_0	sp-data-03
12985	cats.myspecies.info	/var/aegir/platforms/scratchpads-2.10.1	catsmyspeciesi_0	sp-data-03
4446	cecropia.myspecies.info	/var/aegir/platforms/scratchpads-2.10.1	cecropiamyspec_0	sp-data-03
2613	cenozoicforaminifera.com	/var/aegir/platforms/scratchpads-2.10.1	cenozoicforami_0	sp-data-03
3645	cephaloleia.myspecies.info	/var/aegir/platforms/scratchpads-2.10.1	cephaloleiamys_0	sp-data-03
2243	cephbase.eol.org	/var/aegir/platforms/scratchpads-2.10.1	cephbaseeolorg	sp-data-02
4390	cerambycidae.miza-ucv.org.ve	/var/aegir/platforms/scratchpads-2.10.1	cerambycidaemi_0	sp-data-01
3257	chalcidoidea.myspecies.info	/var/aegir/platforms/scratchpads-2.10.1	chalcidoideamy_0	sp-data-01
2247	challenger.myspecies.info	/var/aegir/platforms/scratchpads-2.10.1	challengermysp_0	sp-data-03
3373	challengerostracoda.myspecies.info	/var/aegir/platforms/scratchpads-2.10.1	challengerostr_0	sp-data-01
1464	chess.myspecies.info	/var/aegir/platforms/scratchpads-2.10.1	chessmyspecies_0	sp-data-01
2147	chinaamimal.myspecies.info	/var/aegir/platforms/scratchpads-2.10.1	chinaamimalmys_0	sp-data-01
3593	cholevidae.myspecies.info	/var/aegir/platforms/scratchpads-2.10.1	cholevidaemysp_0	sp-data-03
2749	chondrichthyes.myspecies.info	/var/aegir/platforms/scratchpads-2.10.1	chondrichthyes_0	sp-data-03
3457	choreutidae.myspecies.info	/var/aegir/platforms/scratchpads-2.10.1	choreutidaemys_0	sp-data-02
4214	chrysomelidae.miza-ucv.org.ve	/var/aegir/platforms/scratchpads-2.10.1	chrysomelidaemiz	sp-data-03
2773	cicadas.myspecies.info	/var/aegir/platforms/scratchpads-2.10.1	cicadasmyspeci_0	sp-data-02
2043	cicadellidae.myspecies.info	/var/aegir/platforms/scratchpads-2.10.1	cicadellidaemy_0	sp-data-02
1384	cicadidae.myspecies.info	/var/aegir/platforms/scratchpads-2.10.1	cicadidaemyspe_0	sp-data-02
2873	ciliate.myspecies.info	/var/aegir/platforms/scratchpads-2.10.1	ciliatemyspeci_0	sp-data-01
19120	ciliateguide.myspecies.info	/var/aegir/platforms/scratchpads-2.10.1	ciliateguidemy_0	sp-data-03
1724	cinnamomum.myspecies.info	/var/aegir/platforms/scratchpads-2.10.1	cinnamomummysp_0	sp-data-03
2463	cirripedia.myspecies.info	/var/aegir/platforms/scratchpads-2.10.1	cirripediamysp_0	sp-data-03
2051	citesbulbs.myspecies.info	/var/aegir/platforms/scratchpads-2.10.1	citesbulbsmysp_0	sp-data-02
9612	classifications.scratchpads.eu	/var/aegir/platforms/scratchpads-classifications.scratchpads.eu	classificationss	sp-data-03
4743	clcdb.myspecies.info	/var/aegir/platforms/scratchpads-2.10.1	clcdbmyspecies_0	sp-data-02
4723	clcdb2.myspecies.info	/var/aegir/platforms/scratchpads-2.10.1	clcdb2myspecie_0	sp-data-01
2395	cnidaria.myspecies.info	/var/aegir/platforms/scratchpads-2.10.1	cnidariamyspec_0	sp-data-02
1880	coastalsavannasfrenchguiana.myspecies.info	/var/aegir/platforms/scratchpads-2.10.1	coastalsavanna_0	sp-data-01
3873	colchicaceae.e-monocot.org	/var/aegir/platforms/scratchpads-2.10.1	colchicaceaeem_0	sp-data-02
6294	coleoptera-bulgaria.myspecies.info	/var/aegir/platforms/scratchpads-2.10.1	coleopterabulg_0	sp-data-02
6228	coleopteraofgibraltar.myspecies.info	/var/aegir/platforms/scratchpads-2.10.1	coleopteraofgi_0	sp-data-02
2263	collectionsforall.myspecies.info	/var/aegir/platforms/scratchpads-2.10.1	collectionsfor_0	sp-data-01
1744	commelinaceae.e-monocot.org	/var/aegir/platforms/scratchpads-2.10.1	commelinaceaee_0	sp-data-02
3221	common-names.myspecies.info	/var/aegir/platforms/scratchpads-2.10.1	commonnamesmys_0	sp-data-01
3897	compositae.myspecies.info	/var/aegir/platforms/scratchpads-2.10.1	compositaemysp_0	sp-data-03
13044	compositaeuy.myspecies.info	/var/aegir/platforms/scratchpads-2.10.1	compositaeuymy_0	sp-data-03
3417	conservation.myspecies.info	/var/aegir/platforms/scratchpads-2.10.1	conservationmy_0	sp-data-01
2087	continenticola.myspecies.info	/var/aegir/platforms/scratchpads-2.10.1	continenticola_0	sp-data-02
3317	convolvulaceae.myspecies.info	/var/aegir/platforms/scratchpads-2.10.1	convolvulaceae_0	sp-data-03
3445	convolvulus.myspecies.info	/var/aegir/platforms/scratchpads-2.10.1	convolvulusmys_0	sp-data-02
2537	corals.cordioea.info	/var/aegir/platforms/scratchpads-2.10.1	coralscordioea_0	sp-data-03
3265	coreidae.myspecies.info	/var/aegir/platforms/scratchpads-2.10.1	coreidaemyspec_0	sp-data-02
2997	coreoidea.myspecies.info	/var/aegir/platforms/scratchpads-2.10.1	coreoideamyspe_0	sp-data-01
13029	coreopsideaeuy.myspecies.info	/var/aegir/platforms/scratchpads-2.10.1	coreopsideaeuy_0	sp-data-01
3909	costaricaninverts.info	/var/aegir/platforms/scratchpads-2.10.1	costaricaninve_0	sp-data-03
1416	crabgrass.myspecies.info	/var/aegir/platforms/scratchpads-2.10.1	crabgrassmyspe_0	sp-data-01
1672	crisiidae.myspecies.info	/var/aegir/platforms/scratchpads-2.10.1	crisiidaemyspe_0	sp-data-02
6131	cryptids.myspecies.info	/var/aegir/platforms/scratchpads-2.10.1	cryptidsmyspecie	sp-data-03
3017	curcumathailand.myspecies.info	/var/aegir/platforms/scratchpads-2.10.1	curcumathailan_0	sp-data-01
4274	cusucobeetles.myspecies.info	/var/aegir/platforms/scratchpads-2.10.1	cusucobeetlesm_0	sp-data-03
3253	cyanobacteria.myspecies.info	/var/aegir/platforms/scratchpads-2.10.1	cyanobacteriam_0	sp-data-02
3053	cyanolichens.myspecies.info	/var/aegir/platforms/scratchpads-2.10.1	cyanolichensmy_0	sp-data-03
2569	cyarthros.myspecies.info	/var/aegir/platforms/scratchpads-2.10.1	cyarthrosmyspe_0	sp-data-02
2761	cyathodiaceae.myspecies.info	/var/aegir/platforms/scratchpads-2.10.1	cyathodiaceaem_0	sp-data-02
16632	cyberbraconid.myspecies.info	/var/aegir/platforms/scratchpads-2.10.1	cyberbraconidmys	sp-data-03
2207	cyperaceae.e-monocot.org	/var/aegir/platforms/scratchpads-2.10.1	cyperaceaeemon_0	sp-data-03
3713	cypridinidae.myspecies.info	/var/aegir/platforms/scratchpads-2.10.1	cypridinidaemy_0	sp-data-01
3741	cypripedioideae.e-monocot.org	/var/aegir/platforms/scratchpads-2.10.1	cypripedioidea_2	sp-data-01
2303	darwin.myspecies.info	/var/aegir/platforms/scratchpads-2.10.1	darwinmyspecie_0	sp-data-01
2343	data.neomaps.org	/var/aegir/platforms/scratchpads-2.10.1	dataneomapsorg_0	sp-data-02
3513	deep-reef-sponges.myspecies.info	/var/aegir/platforms/scratchpads-2.10.1	deepreefsponge_0	sp-data-01
1480	deepseaoctocoral.myspecies.info	/var/aegir/platforms/scratchpads-2.10.1	deepseaoctocor_0	sp-data-03
4314	dendrobium-stachyobium.myspecies.info	/var/aegir/platforms/scratchpads-2.10.1	dendrobiumstac_0	sp-data-03
3637	derris.myspecies.info	/var/aegir/platforms/scratchpads-2.10.1	derrismyspecie_0	sp-data-02
2399	desmodieae.myspecies.info	/var/aegir/platforms/scratchpads-2.10.1	desmodieaemysp_1	sp-data-01
43106	dgfradecol.myspecies.info	/var/aegir/platforms/scratchpads-2.10.1	dgfradecolmyspec	sp-data-02
2271	diatoms.myspecies.info	/var/aegir/platforms/scratchpads-2.10.1	diatomsmyspeci_0	sp-data-03
4478	digimar.myspecies.info	/var/aegir/platforms/scratchpads-2.10.1	digimarmyspeci_0	sp-data-03
3241	digitalspiders.myspecies.info	/var/aegir/platforms/scratchpads-2.10.1	digitalspiders_0	sp-data-02
6123	dilleniaceaeofthailand.myspecies.info	/var/aegir/platforms/scratchpads-2.9.17.1	dilleniaceaeof_0	sp-data-03
2507	dinoflagellate.myspecies.info	/var/aegir/platforms/scratchpads-2.10.1	dinoflagellate_0	sp-data-02
1816	dioscoreaceae.e-monocot.org	/var/aegir/platforms/scratchpads-2.10.1	dioscoreaceaee_1	sp-data-03
1147	diplazium.myspecies.info	/var/aegir/platforms/scratchpads-2.10.1	diplaziummyspe_1	sp-data-02
2877	diptera.myspecies.info	/var/aegir/platforms/scratchpads-2.10.1	dipteramyspeci_0	sp-data-01
26605	dipterateste.myspecies.info	/var/aegir/platforms/scratchpads-2.10.1	dipteratestemysp	sp-data-03
1900	dipteratyoryhma.myspecies.info	/var/aegir/platforms/scratchpads-2.10.1	dipteratyoryhm_0	sp-data-02
3549	dolichopodidae.myspecies.info	/var/aegir/platforms/scratchpads-2.10.1	dolichopodidae_0	sp-data-03
3397	dombeya.myspecies.info	/var/aegir/platforms/scratchpads-2.10.1	dombeyamyspeci_0	sp-data-02
2379	doryctinaekey.myspecies.info	/var/aegir/platforms/scratchpads-2.10.1	doryctinaekeym_0	sp-data-03
4202	drosophilidae.myspecies.info	/var/aegir/platforms/scratchpads-2.10.1	drosophilidaem_0	sp-data-01
4699	dsp.myspecies.info	/var/aegir/platforms/scratchpads-2.10.1	dspmyspeciesin_0	sp-data-03
1592	dzanga-sangha.myspecies.info	/var/aegir/platforms/scratchpads-2.10.1	dzangasanghamy_0	sp-data-03
3665	e-flora.myspecies.info	/var/aegir/platforms/scratchpads-2.10.1	efloramyspecie_0	sp-data-02
2035	e-m-b.org	/var/aegir/platforms/scratchpads-2.10.1	emborg_0	sp-data-01
1604	earlyconifers.myspecies.info	/var/aegir/platforms/scratchpads-2.10.1	earlyconifersm_0	sp-data-03
3233	earthworms.myspecies.info	/var/aegir/platforms/scratchpads-2.10.1	earthwormsmysp_0	sp-data-03
3745	ebrachiopoda.myspecies.info	/var/aegir/platforms/scratchpads-2.10.1	ebrachiopodamy_0	sp-data-02
3405	ecbol3.myspecies.info	/var/aegir/platforms/scratchpads-2.10.1	ecbol3myspecie_0	sp-data-01
3581	echimed.myspecies.info	/var/aegir/platforms/scratchpads-2.10.1	echimedmyspeci_0	sp-data-03
1276	echinoderms.lifedesks.org	/var/aegir/platforms/scratchpads-2.10.1	echinodermslif_1	sp-data-02
2471	echinoderms.myspecies.info	/var/aegir/platforms/scratchpads-2.10.1	echinodermsmys_0	sp-data-03
2195	echinosteliales.myspecies.info	/var/aegir/platforms/scratchpads-2.10.1	echinosteliale_0	sp-data-03
1284	ecuherb.myspecies.info	/var/aegir/platforms/scratchpads-2.10.1	ecuherbmyspeci_0	sp-data-01
2071	efi-eafe.myspecies.info	/var/aegir/platforms/scratchpads-2.10.1	efieafemyspeci_0	sp-data-01
29887	efiru.myspecies.info	/var/aegir/platforms/scratchpads-2.10.1	efirumyspeciesin	sp-data-01
3729	eflower.myspecies.info	/var/aegir/platforms/scratchpads-2.10.1	eflowermyspeci_0	sp-data-02
4114	elisatesting.myspecies.info	/var/aegir/platforms/scratchpads-2.10.1	elisatestingmy_0	sp-data-01
4462	elmidae.myspecies.info	/var/aegir/platforms/scratchpads-2.10.1	elmidaemyspeci_0	sp-data-01
2451	emollusks.myspecies.info	/var/aegir/platforms/scratchpads-2.10.1	emollusksmyspe_0	sp-data-01
2000	empidoidea.info	/var/aegir/platforms/scratchpads-2.10.1	empidoideainfo_0	sp-data-03
4210	empidoidea.myspecies.info	/var/aegir/platforms/scratchpads-2.10.1	empidoideamysp_0	sp-data-02
1864	empriini.myspecies.info	/var/aegir/platforms/scratchpads-2.10.1	empriinimyspec_0	sp-data-01
2111	encarsia.myspecies.info	/var/aegir/platforms/scratchpads-2.10.1	encarsiamyspec_0	sp-data-02
3885	endemics-eriocaulaceae.myspecies.info	/var/aegir/platforms/scratchpads-2.10.1	endemicseriocaul	sp-data-01
3141	endemicseriocaulon.myspecies.info	/var/aegir/platforms/scratchpads-2.10.1	endemicserioca_1	sp-data-01
26270	entiminae.myspecies.info	/var/aegir/platforms/scratchpads-2.10.1	entiminaemyspe_0	sp-data-03
1796	eolhotlist.myspecies.info	/var/aegir/platforms/scratchpads-2.10.1	eolhotlistmysp_0	sp-data-03
3301	eragrostideae.myspecies.info	/var/aegir/platforms/scratchpads-2.10.1	eragrostideaem_0	sp-data-03
2411	eriocaulaceae.e-monocot.org	/var/aegir/platforms/scratchpads-2.10.1	eriocaulaceaee_2	sp-data-03
2777	eriocaulaceaethailand.myspecies.info	/var/aegir/platforms/scratchpads-2.10.1	eriocaulaceaet_0	sp-data-03
1408	eriocaulon.myspecies.info	/var/aegir/platforms/scratchpads-2.10.1	eriocaulonmysp_0	sp-data-02
3949	erythroxylaceae.myspecies.info	/var/aegir/platforms/scratchpads-2.10.1	erythroxylacea_0	sp-data-02
13026	espermatofitas-del-uruguay.myspecies.info	/var/aegir/platforms/scratchpads-2.10.1	espermatofitas_0	sp-data-01
3197	ethnobotanyandtraditionalmedicine.myspecies.info	/var/aegir/platforms/scratchpads-2.10.1	ethnobotanyand_0	sp-data-03
1083	ethnobotanyofhmong.myspecies.info	/var/aegir/platforms/scratchpads-2.10.1	ethnobotanyofh_0	sp-data-02
3341	ethnobotanyofkaren.myspecies.info	/var/aegir/platforms/scratchpads-2.10.1	ethnobotanyofk_0	sp-data-03
1684	ethoikos.myspecies.info	/var/aegir/platforms/scratchpads-2.10.1	ethoikosmyspec_0	sp-data-02
1143	eucolcomp.myspecies.info	/var/aegir/platforms/scratchpads-2.10.1	eucolcompmyspe_0	sp-data-03
3657	eulophiinae.e-monocot.org	/var/aegir/platforms/scratchpads-2.10.1	eulophiinaeemo_0	sp-data-03
2925	eunops.org	/var/aegir/platforms/scratchpads-2.10.1	eunopsorg_0	sp-data-01
22628	euphorbia.myspecies.info	/var/aegir/platforms/scratchpads-2.10.1	euphorbiamyspeci	sp-data-03
3753	eurybia.myspecies.info	/var/aegir/platforms/scratchpads-2.10.1	eurybiamyspeci_0	sp-data-01
2665	euscorpita.myspecies.info	/var/aegir/platforms/scratchpads-2.10.1	euscorpitamysp_0	sp-data-03
43121	evanioidea.myspecies.info	/var/aegir/platforms/scratchpads-2.10.1	evanioideamyspec	sp-data-01
3633	eye.myspecies.info	/var/aegir/platforms/scratchpads-2.10.1	eyemyspeciesin_0	sp-data-01
4322	fagaceae.myspecies.info	/var/aegir/platforms/scratchpads-2.10.1	fagaceaemyspec_0	sp-data-02
4599	fairyshrimp.myspecies.info	/var/aegir/platforms/scratchpads-2.10.1	fairyshrimpmys_0	sp-data-03
4250	falklands.myspecies.info	/var/aegir/platforms/scratchpads-2.10.1	falklandsmyspe_0	sp-data-02
3185	families.e-monocot.org	/var/aegir/platforms/scratchpads-2.10.1	familiesemonoc_0	sp-data-01
1460	fegeco.myspecies.info	/var/aegir/platforms/scratchpads-2.10.1	fegecomyspecie_0	sp-data-01
2729	fernswa.myspecies.info	/var/aegir/platforms/scratchpads-2.10.1	fernswamyspeci_0	sp-data-03
4651	ffa.myspecies.info	/var/aegir/platforms/scratchpads-2.10.1	ffamyspeciesin_0	sp-data-01
2295	figweb.myspecies.info	/var/aegir/platforms/scratchpads-2.10.1	figwebmyspecie_0	sp-data-03
6297	filichens.myspecies.info	/var/aegir/platforms/scratchpads-2.10.1	filichensmyspe_0	sp-data-01
1456	finlandoribatida.myspecies.info	/var/aegir/platforms/scratchpads-2.10.1	finlandoribati_0	sp-data-03
2191	fishesoftexas.myspecies.info	/var/aegir/platforms/scratchpads-2.10.1	fishesoftexasm_0	sp-data-01
2733	flatwormssmokys.myspecies.info	/var/aegir/platforms/scratchpads-2.10.1	flatwormssmoky_0	sp-data-02
4366	flora.myspecies.info	/var/aegir/platforms/scratchpads-2.10.1	floramyspecies_0	sp-data-02
1888	floracostaricensis.myspecies.info	/var/aegir/platforms/scratchpads-2.10.1	floracostarice_0	sp-data-01
2219	florakorea.myspecies.info	/var/aegir/platforms/scratchpads-2.10.1	florakoreamysp_0	sp-data-02
4262	floraofgibraltar.myspecies.info	/var/aegir/platforms/scratchpads-2.10.1	floraofgibralt_0	sp-data-02
6282	floraofksa.myspecies.info	/var/aegir/platforms/scratchpads-2.10.1	floraofksamysp_0	sp-data-02
6215	floraofsaudiarabia.myspecies.info	/var/aegir/platforms/scratchpads-2.10.1	floraofsaudiar_0	sp-data-01
1159	floraofthailand.myspecies.info	/var/aegir/platforms/scratchpads-2.10.1	floraofthailan_0	sp-data-03
2439	florapicosdeeuropa.myspecies.info	/var/aegir/platforms/scratchpads-2.10.1	florapicosdeeu_0	sp-data-02
2447	florez.myspecies.info	/var/aegir/platforms/scratchpads-2.10.1	florezmyspecie_0	sp-data-02
1324	foraminifera.myspecies.info	/var/aegir/platforms/scratchpads-2.10.1	foraminiferamy_0	sp-data-02
32296	forest.myspecies.info	/var/aegir/platforms/scratchpads-2.9.15	forestmyspeciesi	sp-data-01
32338	forests.myspecies.info	/var/aegir/platforms/scratchpads-2.10.1	forestsmyspecies	sp-data-01
2533	formicidae-bg.myspecies.info	/var/aegir/platforms/scratchpads-2.10.1	formicidaebgmy_1	sp-data-02
2913	formicidae.myspecies.info	/var/aegir/platforms/scratchpads-2.10.1	formicidaemysp_0	sp-data-03
3193	fossilcrustaceadb.myspecies.info	/var/aegir/platforms/scratchpads-2.10.1	fossilcrustace_0	sp-data-01
6089	fossilinsects.net	/var/aegir/platforms/scratchpads-2.9.17.1	fossilinsectsnet	sp-data-03
5035	freshbase.info	/var/aegir/platforms/scratchpads-2.10.1	freshbaseinfo_0	sp-data-01
3585	fungi.myspecies.info	/var/aegir/platforms/scratchpads-2.10.1	fungimyspecies_0	sp-data-01
3605	gab.myspecies.info	/var/aegir/platforms/scratchpads-2.10.1	gabmyspeciesin_0	sp-data-03
6128	gadus.myspecies.info	/var/aegir/platforms/scratchpads-rob-email	gadusmyspecies_0	sp-data-02
3385	galaxiids.myspecies.info	/var/aegir/platforms/scratchpads-2.10.1	galaxiidsmyspe_0	sp-data-01
3557	gateway.myspecies.info	/var/aegir/platforms/scratchpads-2.10.1	gatewaymyspeci_0	sp-data-01
2347	gbrsponges.myspecies.info	/var/aegir/platforms/scratchpads-2.10.1	gbrspongesmysp_0	sp-data-01
1908	gentianaceae.myspecies.info	/var/aegir/platforms/scratchpads-2.10.1	gentianaceaemy_0	sp-data-01
16620	giasipartnership.myspecies.info	/var/aegir/platforms/scratchpads-2.10.1	giasipartnership	sp-data-02
3525	gparvifloraquadriradiata.myspecies.info	/var/aegir/platforms/scratchpads-2.10.1	gparvifloraqua_0	sp-data-01
13047	gramineaeuy.myspecies.info	/var/aegir/platforms/scratchpads-2.10.1	gramineaeuymys_0	sp-data-02
2681	grammitids.myspecies.info	/var/aegir/platforms/scratchpads-2.10.1	grammitidsmysp_0	sp-data-03
2837	grassworld.myspecies.info	/var/aegir/platforms/scratchpads-2.10.1	grassworldmysp_0	sp-data-03
3057	greatbarrierreefbryozoa.myspecies.info	/var/aegir/platforms/scratchpads-2.10.1	greatbarrierre_0	sp-data-01
1680	greekants.myspecies.info	/var/aegir/platforms/scratchpads-2.10.1	greekantsmyspe_0	sp-data-01
2503	gsrnematoda.myspecies.info	/var/aegir/platforms/scratchpads-2.10.1	gsrnematodamys_0	sp-data-01
3369	guaminsects.myspecies.info	/var/aegir/platforms/scratchpads-2.10.1	guaminsectsmys_0	sp-data-02
6279	guammollusca.myspecies.info	/var/aegir/platforms/scratchpads-2.10.1	guammolluscamy_0	sp-data-03
2027	h2020.myspecies.info	/var/aegir/platforms/scratchpads-2.10.1	h2020myspecies_0	sp-data-02
3437	hawaiilandsnails.myspecies.info	/var/aegir/platforms/scratchpads-2.10.1	hawaiilandsnai_0	sp-data-03
2709	hebfauna.myspecies.info	/var/aegir/platforms/scratchpads-2.10.1	hebfaunamyspec_0	sp-data-01
3833	heliotropium.myspecies.info	/var/aegir/platforms/scratchpads-2.10.1	heliotropiummy_0	sp-data-01
2973	hesperidaeucm.myspecies.info	/var/aegir/platforms/scratchpads-2.10.1	hesperidaeucmm_0	sp-data-01
1936	heteroptera.myspecies.info	/var/aegir/platforms/scratchpads-2.10.1	heteropteramys_0	sp-data-02
2869	hip-db.myspecies.info	/var/aegir/platforms/scratchpads-2.10.1	hipdbmyspecies_0	sp-data-02
1984	holarctic.ostracoda.net	/var/aegir/platforms/scratchpads-2.10.1	holarcticostra_0	sp-data-01
4755	horseshoecrabs.myspecies.info	/var/aegir/platforms/scratchpads-2.10.1	horseshoecrabs_0	sp-data-02
6067	hortus.myspecies.info	/var/aegir/platforms/scratchpads-2.10.1	hortusmyspecie_0	sp-data-02
6074	hortus2.myspecies.info	/var/aegir/platforms/scratchpads-2.10.1	hortus2myspeci_0	sp-data-03
9504	host-parasite.myspecies.info	/var/aegir/platforms/scratchpads-2.10.1	hostparasitemy_0	sp-data-02
10	hostmaster	/var/aegir/platforms/hostmaster-3.182	getscratchpadseu
4807	hosts.myspecies.info	/var/aegir/platforms/scratchpads-2.10.1	hostsmyspeciesin	sp-data-03
3533	hoya.myspecies.info	/var/aegir/platforms/scratchpads-2.10.1	hoyamyspeciesi_0	sp-data-03
1336	htc.myspecies.info	/var/aegir/platforms/scratchpads-2.10.1	htcmyspeciesin_0	sp-data-02
2387	hundrednewlichens.myspecies.info	/var/aegir/platforms/scratchpads-2.10.1	hundrednewlich_0	sp-data-02
2781	hypericum.myspecies.info	/var/aegir/platforms/scratchpads-2.10.1	hypericummyspe_0	sp-data-03
1848	hypogymnia.myspecies.info	/var/aegir/platforms/scratchpads-2.10.1	hypogymniamysp_0	sp-data-02
2431	hypoxidaceae.e-monocot.org	/var/aegir/platforms/scratchpads-2.10.1	hypoxidaceaeem_1	sp-data-01
2649	ibercurcus.myspecies.info	/var/aegir/platforms/scratchpads-2.10.1	ibercurcusmysp_0	sp-data-03
3357	iberiancavefauna.myspecies.info	/var/aegir/platforms/scratchpads-2.10.1	iberiancavefau_0	sp-data-01
2331	iberiandiptera.myspecies.info	/var/aegir/platforms/scratchpads-2.10.1	iberiandiptera_0	sp-data-03
1892	iberianodonataucm.myspecies.info	/var/aegir/platforms/scratchpads-2.10.1	iberianodonata_0	sp-data-02
2095	icelichen.myspecies.info	/var/aegir/platforms/scratchpads-2.10.1	icelichenmyspe_0	sp-data-02
6093	icgf.myspecies.info	/var/aegir/platforms/scratchpads-2.10.1	icgfmyspeciesi_2	sp-data-02
39766	ichneumoninae.myspecies.info	/var/aegir/platforms/scratchpads-2.10.1	ichneumoninaem_0	sp-data-03
4006	icpc-congo.myspecies.info	/var/aegir/platforms/scratchpads-2.10.1	icpccongomyspe_0	sp-data-01
1038	ihs.myspecies.info	/var/aegir/platforms/scratchpads-2.10.1	ihsmyspeciesinfo	sp-data-02
3109	illinoismantids.myspecies.info	/var/aegir/platforms/scratchpads-2.10.1	illinoismantid_0	sp-data-01
3505	imembracoidea.myspecies.info	/var/aegir/platforms/scratchpads-2.10.1	imembracoideam_0	sp-data-02
1600	indianladybirds.myspecies.info	/var/aegir/platforms/scratchpads-2.10.1	indianladybird_0	sp-data-02
3521	indiareeffishes.myspecies.info	/var/aegir/platforms/scratchpads-2.10.1	indiareeffishe_0	sp-data-03
16835	inforbiomares.myspecies.info	/var/aegir/platforms/scratchpads-2.10.1	inforbiomaresm_0	sp-data-01
43212	inoceramusatlas.myspecies.info	/var/aegir/platforms/scratchpads-2.10.1	inoceramusatlasm	sp-data-01
1844	insectafgseag.myspecies.info	/var/aegir/platforms/scratchpads-2.10.1	insectafgseagm_0	sp-data-03
1127	insectireland.myspecies.info	/var/aegir/platforms/scratchpads-2.10.1	insectirelandm_0	sp-data-01
4182	insects.myspecies.info	/var/aegir/platforms/scratchpads-2.10.1	insectsmyspeci_0	sp-data-02
3149	invasive.myspecies.info	/var/aegir/platforms/scratchpads-2.10.1	invasivemyspec_0	sp-data-03
1932	inverts.info	/var/aegir/platforms/scratchpads-2.10.1	invertsinfo_0	sp-data-03
3749	ipaeg.org	/var/aegir/platforms/scratchpads-2.10.1	ipaegorg_0	sp-data-03
4306	ipomoeeae.myspecies.info	/var/aegir/platforms/scratchpads-2.10.1	ipomoeeaemyspe_0	sp-data-01
2171	ircn-bc.myspecies.info	/var/aegir/platforms/scratchpads-2.10.1	ircnbcmyspecie_0	sp-data-02
1119	iridaceae.e-monocot.org	/var/aegir/platforms/scratchpads-2.10.1	iridaceaeemono_0	sp-data-02
1063	isamb.myspecies.info	/var/aegir/platforms/scratchpads-2.10.1	isambmyspecies_0	sp-data-02
3705	isoetes.myspecies.info	/var/aegir/platforms/scratchpads-2.10.1	isoetesmyspeci_0	sp-data-02
2339	itaxa.myspecies.info	/var/aegir/platforms/scratchpads-2.10.1	itaxamyspecies_0	sp-data-01
1332	jemu.myspecies.info	/var/aegir/platforms/scratchpads-2.10.1	jemumyspeciesi_2	sp-data-01
1808	juncaceae.e-monocot.org	/var/aegir/platforms/scratchpads-2.10.1	juncaceaeemono_0	sp-data-01
2375	juncaginaceae.myspecies.info	/var/aegir/platforms/scratchpads-2.10.1	juncaginaceaem_0	sp-data-02
2059	kadsura.myspecies.info	/var/aegir/platforms/scratchpads-2.10.1	kadsuramyspeci_0	sp-data-03
2315	kamptozoa.myspecies.info	/var/aegir/platforms/scratchpads-2.10.1	kamptozoamyspe_0	sp-data-01
3817	kasan03.myspecies.info	/var/aegir/platforms/scratchpads-2.10.1	kasan03myspeci_0	sp-data-02
1976	katydidsfrombrazil.myspecies.info	/var/aegir/platforms/scratchpads-2.10.1	katydidsfrombr_0	sp-data-03
3809	khuntuennoi.myspecies.info	/var/aegir/platforms/scratchpads-2.10.1	khuntuennoimys_0	sp-data-01
3893	killerwhales.myspecies.info	/var/aegir/platforms/scratchpads-2.10.1	killerwhalesmy_0	sp-data-03
3117	kinmen-minefield.myspecies.info	/var/aegir/platforms/scratchpads-2.10.1	kinmenminefiel_0	sp-data-01
1552	knoxia.myspecies.info	/var/aegir/platforms/scratchpads-2.10.1	knoxiamyspecie_0	sp-data-01
3309	korupplants.myspecies.info	/var/aegir/platforms/scratchpads-2.10.1	korupplantsmys_0	sp-data-01
3449	kpf.myspecies.info	/var/aegir/platforms/scratchpads-2.10.1	kpfmyspeciesin_0	sp-data-01
1356	kpornpun.myspecies.info	/var/aegir/platforms/scratchpads-2.10.1	kpornpunmyspec_0	sp-data-02
1992	lacewings.myspecies.info	/var/aegir/platforms/scratchpads-2.10.1	lacewingsmyspe_0	sp-data-01
1624	lamiaceae.myspecies.info	/var/aegir/platforms/scratchpads-2.10.1	lamiaceaemyspe_0	sp-data-01
1195	lasianthus.myspecies.info	/var/aegir/platforms/scratchpads-2.10.1	lasianthusmysp_0	sp-data-01
1576	latinamericanmalvoideae.e-monocot.org	/var/aegir/platforms/scratchpads-2.10.1	latinamericanm_0	sp-data-02
2801	lauraceae.myspecies.info	/var/aegir/platforms/scratchpads-2.10.1	lauraceaemyspe_0	sp-data-03
1476	lecythidaceae.myspecies.info	/var/aegir/platforms/scratchpads-2.10.1	lecythidaceaem_0	sp-data-01
4607	legumes-singapore.myspecies.info	/var/aegir/platforms/scratchpads-2.10.1	legumessingapo_0	sp-data-02
4603	legumninosae.myspecies.info	/var/aegir/platforms/scratchpads-2.10.1	legumninosaemy_0	sp-data-02
29890	lentibulariaceae.myspecies.info	/var/aegir/platforms/scratchpads-2.10.1	lentibulariaceae	sp-data-03
4442	lepidoptera.miza-ucv.org.ve	/var/aegir/platforms/scratchpads-2.10.1	lepidopteramiz_0	sp-data-02
2047	lepidopteragr.myspecies.info	/var/aegir/platforms/scratchpads-2.10.1	lepidopteragrm_0	sp-data-03
9516	lepidopteraofgibraltar.myspecies.info	/var/aegir/platforms/scratchpads-2.10.1	lepidopteraofgib	sp-data-02
1560	leptogastrinae.myspecies.info	/var/aegir/platforms/scratchpads-2.10.1	leptogastrinae_0	sp-data-03
1972	leucospis.myspecies.info	/var/aegir/platforms/scratchpads-2.10.1	leucospismyspe_0	sp-data-02
1167	lichenvietnam.myspecies.info	/var/aegir/platforms/scratchpads-2.10.1	lichenvietnamm_0	sp-data-02
2861	liliaceae.e-monocot.org	/var/aegir/platforms/scratchpads-2.10.1	liliaceaeemono_0	sp-data-01
1123	limestoneflorainthailand.myspecies.info	/var/aegir/platforms/scratchpads-2.10.1	limestoneflora_0	sp-data-03
1564	limulidae.myspecies.info	/var/aegir/platforms/scratchpads-2.10.1	limulidaemyspe_0	sp-data-01
2585	lincolnsflorafauna.myspecies.info	/var/aegir/platforms/scratchpads-2.10.1	lincolnsfloraf_0	sp-data-03
1071	liquensbr.myspecies.info	/var/aegir/platforms/scratchpads-2.10.1	liquensbrmyspe_0	sp-data-02
3725	lissotes.myspecies.info	/var/aegir/platforms/scratchpads-2.10.1	lissotesmyspec_0	sp-data-03
3901	lixini.myspecies.info	/var/aegir/platforms/scratchpads-2.10.1	lixinimyspecie_0	sp-data-02
2435	lmugent.myspecies.info	/var/aegir/platforms/scratchpads-2.10.1	lmugentmyspeci_0	sp-data-03
2175	lnhs.myspecies.info	/var/aegir/platforms/scratchpads-2.10.1	lnhsmyspeciesi_0	sp-data-03
16659	lnhsgallcollection.myspecies.info	/var/aegir/platforms/scratchpads-2.10.1	lnhsgallcollecti	sp-data-01
3297	lobostemon.myspecies.info	/var/aegir/platforms/scratchpads-2.10.1	lobostemonmysp_0	sp-data-02
2023	lomandroideae.e-monocot.org	/var/aegir/platforms/scratchpads-2.10.1	lomandroideaee_0	sp-data-01
4018	lonchaeidae.myspecies.info	/var/aegir/platforms/scratchpads-2.10.1	lonchaeidaemys_0	sp-data-01
3205	londonfungi.myspecies.info	/var/aegir/platforms/scratchpads-2.10.1	londonfungimyspe	sp-data-02
2553	lusolepidoptera.myspecies.info	/var/aegir/platforms/scratchpads-2.10.1	lusolepidopter_0	sp-data-01
3845	lutrochidae.myspecies.info	/var/aegir/platforms/scratchpads-2.10.1	lutrochidaemys_0	sp-data-03
3041	lycaena.myspecies.info	/var/aegir/platforms/scratchpads-2.10.1	lycaenamyspeci_0	sp-data-03
3289	lycosidae.myspecies.info	/var/aegir/platforms/scratchpads-2.10.1	lycosidaemyspe_0	sp-data-02
1736	lymeregis.e-monocot.org	/var/aegir/platforms/scratchpads-2.10.1	lymeregisemono_0	sp-data-01
2455	lysianassidae.myspecies.info	/var/aegir/platforms/scratchpads-2.10.1	lysianassidaem_0	sp-data-01
13315	macroalgasuy.myspecies.info	/var/aegir/platforms/scratchpads-2.10.1	macroalgasuymysp	sp-data-02
1692	macrostomorpha.info	/var/aegir/platforms/scratchpads-2.10.1	macrostomorphain	sp-data-03
2721	madridhesperiidae.myspecies.info	/var/aegir/platforms/scratchpads-2.10.1	madridhesperii_0	sp-data-01
3273	maesa.e-monocot.org	/var/aegir/platforms/scratchpads-2.10.1	maesaemonocoto_0	sp-data-03
1452	malaypeninsularsnail.myspecies.info	/var/aegir/platforms/scratchpads-2.10.1	malaypeninsulars	sp-data-02
1139	malaysiabutterflies.myspecies.info	/var/aegir/platforms/scratchpads-2.10.1	malaysiabutterfl	sp-data-01
1752	malaysiamammals.myspecies.info	/var/aegir/platforms/scratchpads-2.10.1	malaysiamammal_0	sp-data-03
3805	malpighiales.myspecies.info	/var/aegir/platforms/scratchpads-2.10.1	malpighialesmy_0	sp-data-02
4294	malvaceae.myspecies.info	/var/aegir/platforms/scratchpads-2.10.1	malvaceaemyspe_0	sp-data-01
4534	mammals.myspecies.info	/var/aegir/platforms/scratchpads-2.10.1	mammalsmyspeci_0	sp-data-01
3353	mantodea.myspecies.info	/var/aegir/platforms/scratchpads-2.10.1	mantodeamyspec_0	sp-data-02
1051	marineinvaders.myspecies.info	/var/aegir/platforms/scratchpads-2.10.1	marineinvaders_0	sp-data-03
1272	mastersep.myspecies.info	/var/aegir/platforms/scratchpads-2.10.1	mastersepmyspe_0	sp-data-01
3085	matanzasriver.myspecies.info	/var/aegir/platforms/scratchpads-2.10.1	matanzasriverm_0	sp-data-02
2989	mauritiusbeetles.myspecies.info	/var/aegir/platforms/scratchpads-2.10.1	mauritiusbeetles	sp-data-02
9641	mbgl-algae.myspecies.info	/var/aegir/platforms/scratchpads-2.10.1	mbglalgaemyspeci	sp-data-03
3409	medicinal-plant.myspecies.info	/var/aegir/platforms/scratchpads-2.10.1	medicinalplant_0	sp-data-02
2487	medicinalplants.myspecies.info	/var/aegir/platforms/scratchpads-2.10.1	medicinalplant_0	sp-data-01
3033	megaloptera.myspecies.info	/var/aegir/platforms/scratchpads-2.10.1	megalopteramys_0	sp-data-01
3421	mhp.myspecies.info	/var/aegir/platforms/scratchpads-2.10.1	mhpmyspeciesin_0	sp-data-02
1640	microgastrinae.myspecies.info	/var/aegir/platforms/scratchpads-2.10.1	microgastrinaemy	sp-data-01
2825	microlepfrance.myspecies.info	/var/aegir/platforms/scratchpads-2.10.1	microlepfrancemy	sp-data-03
6270	micropezids.myspecies.info	/var/aegir/platforms/scratchpads-2.10.1	micropezidsmyspe	sp-data-02
2753	milichiidae.info	/var/aegir/platforms/scratchpads-2.10.1	milichiidaeinfo	sp-data-01
31112	mlh.myspecies.info	/var/aegir/platforms/scratchpads-2.10.1	mlhmyspeciesin_0	sp-data-02
1756	mochokidae.myspecies.info	/var/aegir/platforms/scratchpads-2.10.1	mochokidaemysp_0	sp-data-02
4110	mollusca.myspecies.info	/var/aegir/platforms/scratchpads-2.10.1	molluscamyspecie	sp-data-03
2139	monogenius.myspecies.info	/var/aegir/platforms/scratchpads-2.10.1	monogeniusmyspec	sp-data-03
3693	mormyrids.myspecies.info	/var/aegir/platforms/scratchpads-2.10.1	mormyridsmyspeci	sp-data-01
4947	mosquito-taxonomic-inventory.info	/var/aegir/platforms/scratchpads-2.10.1	mosquitotaxono_0	sp-data-02
4122	mrp.myspecies.info	/var/aegir/platforms/scratchpads-2.10.1	mrpmyspeciesin_1	sp-data-03
4575	mushroom.myspecies.info	/var/aegir/platforms/scratchpads-2.10.1	mushroommyspec_0	sp-data-02
4346	mushrooms.myspecies.info	/var/aegir/platforms/scratchpads-2.10.1	mushroomsmyspeci	sp-data-02
4410	my-lepidoptera12.myspecies.info	/var/aegir/platforms/scratchpads-2.10.1	mylepidoptera1_0	sp-data-01
1344	myrcia.myspecies.info	/var/aegir/platforms/scratchpads-2.10.1	myrciamyspecie_0	sp-data-03
6207	myriatrix.myspecies.info	/var/aegir/platforms/scratchpads-2.10.1	myriatrixmyspeci	sp-data-03
1280	myrtaceae-chile.myspecies.info	/var/aegir/platforms/scratchpads-2.10.1	myrtaceaechile_0	sp-data-03
1263	myrtaceae.myspecies.info	/var/aegir/platforms/scratchpads-2.10.1	myrtaceaemyspe_0	sp-data-02
13425	naesiotus.myspecies.info	/var/aegir/platforms/scratchpads-2.10.1	naesiotusmyspeci	sp-data-02
4498	nagoyaprotocol.myspecies.info	/var/aegir/platforms/scratchpads-2.10.1	nagoyaprotocol_0	sp-data-03
2805	nantiyaag.myspecies.info	/var/aegir/platforms/scratchpads-2.10.1	nantiyaagmyspe_0	sp-data-01
2355	nantiyaag2.myspecies.info	/var/aegir/platforms/scratchpads-2.10.1	nantiyaag2mysp_0	sp-data-03
3737	natchazingiberaceae.myspecies.info	/var/aegir/platforms/scratchpads-2.10.1	natchazingiber_0	sp-data-03
4647	neasianflora.myspecies.info	/var/aegir/platforms/scratchpads-2.10.1	neasianfloramy_0	sp-data-02
3933	nematoda.myspecies.info	/var/aegir/platforms/scratchpads-2.10.1	nematodamyspec_0	sp-data-01
1235	nematodes.myspecies.info	/var/aegir/platforms/scratchpads-2.10.1	nematodesmyspe_0	sp-data-01
3925	neogenebryozoans.myspecies.info	/var/aegir/platforms/scratchpads-2.10.1	neogenebryozoa_0	sp-data-01
1996	neotropical-pollination.myspecies.info	/var/aegir/platforms/scratchpads-2.10.1	neotropicalpol_0	sp-data-02
2745	neotropicalcicadellidae.myspecies.info	/var/aegir/platforms/scratchpads-2.10.1	neotropicalcic_0	sp-data-02
2797	neotropicalfishes.myspecies.info	/var/aegir/platforms/scratchpads-2.10.1	neotropicalfis_0	sp-data-02
1364	neotropnathistory.myspecies.info	/var/aegir/platforms/scratchpads-2.10.1	neotropnathist_0	sp-data-01
21238	nepticuloidea.info	/var/aegir/platforms/scratchpads-2.10.1	nepticuloideai_0	sp-data-02
4819	nepticuloidea4.myspecies.info	/var/aegir/platforms/scratchpads-2.10.1	nepticuloidea4_0	sp-data-02
4731	nepticuloidea5.myspecies.info	/var/aegir/platforms/scratchpads-2.10.1	nepticuloidea5_0	sp-data-02
6097	neritopsine.myspecies.info	/var/aegir/platforms/scratchpads-2.10.1	neritopsinemys_0	sp-data-01
1788	newworldcarabidae.myspecies.info	/var/aegir/platforms/scratchpads-2.10.1	newworldcarabi_0	sp-data-01
1239	nhmhumanparasites.myspecies.info	/var/aegir/platforms/scratchpads-2.10.1	nhmhumanparasi_0	sp-data-03
1087	nhmnematodes.myspecies.info	/var/aegir/platforms/scratchpads-2.10.1	nhmnematodesmy_0	sp-data-02
3037	nmeeprom.myspecies.info	/var/aegir/platforms/scratchpads-2.10.1	nmeeprommyspec_0	sp-data-02
2075	nmstypes.myspecies.info	/var/aegir/platforms/scratchpads-2.10.1	nmstypesmyspec_0	sp-data-02
2255	nnb.myspecies.info	/var/aegir/platforms/scratchpads-2.10.1	nnbmyspeciesin_0	sp-data-01
3473	nocturnalichs.myspecies.info	/var/aegir/platforms/scratchpads-2.10.1	nocturnalichsm_0	sp-data-01
2163	nolinoideae.e-monocot.org	/var/aegir/platforms/scratchpads-2.10.1	nolinoideaeemo_0	sp-data-03
1488	northeastflora.myspecies.info	/var/aegir/platforms/scratchpads-2.10.1	northeastflora_0	sp-data-02
2155	notocacteae.myspecies.info	/var/aegir/platforms/scratchpads-2.10.1	notocacteaemys_0	sp-data-01
3305	nspainendemicflora.myspecies.info	/var/aegir/platforms/scratchpads-2.10.1	nspainendemicf_0	sp-data-01
1632	nsuratensis.myspecies.info	/var/aegir/platforms/scratchpads-2.10.1	nsuratensismys_0	sp-data-03
1203	nz-hymenoptera.myspecies.info	/var/aegir/platforms/scratchpads-2.10.1	nzhymenopteram_0	sp-data-02
6264	nzfossilconoidea.myspecies.info	/var/aegir/platforms/scratchpads-2.10.1	nzfossilconoid_0	sp-data-01
2937	odonatas.myspecies.info	/var/aegir/platforms/scratchpads-2.10.1	odonatasmyspec_0	sp-data-01
1171	olivirv.myspecies.info	/var/aegir/platforms/scratchpads-2.9.17.1	olivirvmyspeci_0	sp-data-01
1740	omanflora.myspecies.info	/var/aegir/platforms/scratchpads-2.10.1	omanfloramyspe_0	sp-data-03
2179	onobrysisviciifolia.myspecies.info	/var/aegir/platforms/scratchpads-2.10.1	onobrysisviciifo	sp-data-01
2593	open-up.myspecies.info	/var/aegir/platforms/scratchpads-2.10.1	openupmyspeciesi	sp-data-02
2673	ophiuroids.myspecies.info	/var/aegir/platforms/scratchpads-2.10.1	ophiuroidsmyspec	sp-data-01
2961	opisthobranchia.myspecies.info	/var/aegir/platforms/scratchpads-2.10.1	opisthobranchiam	sp-data-01
1720	opisthostoma.myspecies.info	/var/aegir/platforms/scratchpads-2.10.1	opisthostomamysp	sp-data-02
6291	orapainsects.myspecies.info	/var/aegir/platforms/scratchpads-2.10.1	orapainsectsmysp	sp-data-03
2063	oraphansungkajanttranon.myspecies.info	/var/aegir/platforms/scratchpads-2.10.1	oraphansungkajan	sp-data-01
1944	orchid.myspecies.info	/var/aegir/platforms/scratchpads-2.10.1	orchidmyspeciesi	sp-data-02
3337	orchideae.e-monocot.org	/var/aegir/platforms/scratchpads-2.10.1	orchideaeemonoco	sp-data-02
3917	orchidearlycareer.myspecies.info	/var/aegir/platforms/scratchpads-2.10.1	orchidearlycaree	sp-data-02
3653	oribatidafinland.myspecies.info	/var/aegir/platforms/scratchpads-2.10.1	oribatidafinland	sp-data-02
3165	orthalicoidea.myspecies.info	/var/aegir/platforms/scratchpads-2.10.1	orthalicoideam_0	sp-data-03
4939	orthoptera.myspecies.info	/var/aegir/platforms/scratchpads-2.10.1	orthopteramysp_0	sp-data-01
1764	osdl.myspecies.info	/var/aegir/platforms/scratchpads-2.10.1	osdlmyspeciesi_0	sp-data-01
1712	ostracodaiceland.myspecies.info	/var/aegir/platforms/scratchpads-2.10.1	ostracodaicela_0	sp-data-03
3781	pacificicadellidae.myspecies.info	/var/aegir/platforms/scratchpads-2.10.1	pacificicadell_0	sp-data-03
3981	pacleps.myspecies.info	/var/aegir/platforms/scratchpads-2.10.1	paclepsmyspeci_0	sp-data-01
1412	paederinae.myspecies.info	/var/aegir/platforms/scratchpads-2.10.1	paederinaemysp_0	sp-data-03
1308	palms.myspecies.info	/var/aegir/platforms/scratchpads-2.10.1	palmsmyspecies_0	sp-data-01
4695	panamamolluscs.myspecies.info	/var/aegir/platforms/scratchpads-2.10.1	panamamolluscs_0	sp-data-02
3561	papilionoidea.myspecies.info	/var/aegir/platforms/scratchpads-2.10.1	papilionoideam_0	sp-data-01
3889	papyrus.myspecies.info	/var/aegir/platforms/scratchpads-2.10.1	papyrusmyspeci_1	sp-data-02
2901	parasitica.myspecies.info	/var/aegir/platforms/scratchpads-2.10.1	parasiticamyspec	sp-data-01
3345	parmotrema.myspecies.info	/var/aegir/platforms/scratchpads-2.10.1	parmotremamyspec	sp-data-01
13041	parquefagro.myspecies.info	/var/aegir/platforms/scratchpads-2.10.1	parquefagromyspe	sp-data-01
6225	passifloraceae.myspecies.info	/var/aegir/platforms/scratchpads-2.10.1	passifloraceaemy	sp-data-01
2359	paussinae.myspecies.info	/var/aegir/platforms/scratchpads-2.10.1	paussinaemyspeci	sp-data-01
3573	pelagics.myspecies.info	/var/aegir/platforms/scratchpads-2.10.1	pelagicsmyspecie	sp-data-01
43151	penacova.myspecies.info	/var/aegir/platforms/scratchpads-2.10.1	penacovamyspecie	sp-data-03
3101	peracarida.myspecies.info	/var/aegir/platforms/scratchpads-2.10.1	peracaridamyspec	sp-data-01
3785	pericallisrevision.myspecies.info	/var/aegir/platforms/scratchpads-2.10.1	pericallisrevisi	sp-data-01
4158	petype.myspecies.info	/var/aegir/platforms/scratchpads-2.10.1	petypemyspeciesi	sp-data-03
1175	phanom.myspecies.info	/var/aegir/platforms/scratchpads-2.10.1	phanommyspeciesi	sp-data-02
1055	phasmid-study-group.org	/var/aegir/platforms/scratchpads-2.10.1	phasmidstudygr_1	sp-data-02
4550	phasmida.myspecies.info	/var/aegir/platforms/scratchpads-2.10.1	phasmidamyspecie	sp-data-03
1046	pheidole.myspecies.info	/var/aegir/platforms/scratchpads-2.10.1	pheidolemyspecie	sp-data-02
4935	phlebotominaenhmtypes.myspecies.info	/var/aegir/platforms/scratchpads-2.10.1	phlebotominaenhm	sp-data-02
2633	phoridae.myspecies.info	/var/aegir/platforms/scratchpads-2.10.1	phoridaemyspecie	sp-data-03
6115	phthiraptera.info	/var/aegir/platforms/scratchpads-2.10.1	phthirapterain_0	sp-data-01
4615	phyllanthus.myspecies.info	/var/aegir/platforms/scratchpads-2.10.1	phyllanthusmyspe	sp-data-01
1768	physalia.myspecies.info	/var/aegir/platforms/scratchpads-2.10.1	physaliamyspecie	sp-data-02
3181	pinus.myspecies.info	/var/aegir/platforms/scratchpads-2.10.1	pinusmyspeciesin	sp-data-03
1320	pipunculidae.myspecies.info	/var/aegir/platforms/scratchpads-2.10.1	pipunculidaemysp	sp-data-01
1812	pistiaistyoryhma.myspecies.info	/var/aegir/platforms/scratchpads-2.10.1	pistiaistyory_17	sp-data-02
1544	pittioni.myspecies.info	/var/aegir/platforms/scratchpads-2.10.1	pittionimyspecie	sp-data-03
4106	planktonicforaminifera.myspecies.info	/var/aegir/platforms/scratchpads-2.10.1	planktonicforami	sp-data-02
2557	plantbiodiversity.myspecies.info	/var/aegir/platforms/scratchpads-2.10.1	plantbiodiversit	sp-data-03
2685	plantdiversityofphufah.myspecies.info	/var/aegir/platforms/scratchpads-2.10.1	plantdiversityof	sp-data-03
3965	plantea.myspecies.info	/var/aegir/platforms/scratchpads-2.10.1	planteamyspecies	sp-data-03
1191	plantheritage.myspecies.info	/var/aegir/platforms/scratchpads-2.10.1	plantheritagemys	sp-data-02
3861	pleistocenekokemushi.myspecies.info	/var/aegir/platforms/scratchpads-2.10.1	pleistocenekokem	sp-data-03
2845	plummersislandcarabidae.myspecies.info	/var/aegir/platforms/scratchpads-2.10.1	plummersislandca	sp-data-02
3777	pngbirds.myspecies.info	/var/aegir/platforms/scratchpads-2.10.1	pngbirdsmyspecie	sp-data-02
1792	pnwlepturines.myspecies.info	/var/aegir/platforms/scratchpads-2.10.1	pnwlepturinesmys	sp-data-02
3689	poaceae.e-monocot.org	/var/aegir/platforms/scratchpads-2.10.1	poaceaeemonocoto	sp-data-03
2985	poissongabon.info	/var/aegir/platforms/scratchpads-2.10.1	poissongaboninfo	sp-data-03
1776	polychaetes.info	/var/aegir/platforms/scratchpads-2.10.1	polychaetesinfo	sp-data-01
1584	polycladida.myspecies.info	/var/aegir/platforms/scratchpads-2.10.1	polycladidamyspe	sp-data-01
1960	polygonaceae.myspecies.info	/var/aegir/platforms/scratchpads-2.10.1	polygonaceaemysp	sp-data-02
1042	pong.e-monocot.org	/var/aegir/platforms/scratchpads-2.10.1	pongemonocotorg	sp-data-03
3685	porifera.myspecies.info	/var/aegir/platforms/scratchpads-2.10.1	poriferamyspecie	sp-data-02
3293	post.myspecies.info	/var/aegir/platforms/scratchpads-2.10.1	postmyspeciesinf	sp-data-01
1496	potamogetonaceae.e-monocot.org	/var/aegir/platforms/scratchpads-2.10.1	potamogetonace_0	sp-data-03
1199	prismatomeris.myspecies.info	/var/aegir/platforms/scratchpads-2.10.1	prismatomerismys	sp-data-01
1980	proctotrupidae.myspecies.info	/var/aegir/platforms/scratchpads-2.10.1	proctotrupidae_0	sp-data-03
26229	projectwoop.myspecies.info	/var/aegir/platforms/scratchpads-2.10.1	projectwoopmys_0	sp-data-02
2529	propetaxon.myspecies.info	/var/aegir/platforms/scratchpads-2.10.1	propetaxonmyspec	sp-data-01
3913	pselaphinae-bg.myspecies.info	/var/aegir/platforms/scratchpads-2.10.1	pselaphinaebgmys	sp-data-01
1444	psl.myspecies.info	/var/aegir/platforms/scratchpads-2.10.1	pslmyspeciesin_0	sp-data-02
4783	psylloidea-bg.myspecies.info	/var/aegir/platforms/scratchpads-2.10.1	psylloideabgmysp	sp-data-01
4014	pterioidea.myspecies.info	/var/aegir/platforms/scratchpads-2.10.1	pterioideamysp_0	sp-data-03
2629	pterophoroidea.myspecies.info	/var/aegir/platforms/scratchpads-2.10.1	pterophoroidea_0	sp-data-02
3477	pui19.myspecies.info	/var/aegir/platforms/scratchpads-2.10.1	pui19myspeciesin	sp-data-01
3361	pumpui19.myspecies.info	/var/aegir/platforms/scratchpads-2.10.1	pumpui19myspecie	sp-data-03
1636	pwessapak.myspecies.info	/var/aegir/platforms/scratchpads-2.10.1	pwessapakmyspeci	sp-data-02
2657	quercus.myspecies.info	/var/aegir/platforms/scratchpads-2.10.1	quercusmyspecies	sp-data-01
3937	ranong.myspecies.info	/var/aegir/platforms/scratchpads-2.10.1	ranongmyspeciesi	sp-data-02
1556	rareguam.myspecies.info	/var/aegir/platforms/scratchpads-2.10.1	rareguammyspecie	sp-data-03
1131	rbzs.myspecies.info	/var/aegir/platforms/scratchpads-2.10.1	rbzsmyspeciesi_0	sp-data-02
4258	reddatabook.myspecies.info	/var/aegir/platforms/scratchpads-2.10.1	reddatabookmyspe	sp-data-01
4815	reefichno.myspecies.info	/var/aegir/platforms/scratchpads-2.10.1	reefichnomyspeci	sp-data-03
1448	restionaceae.e-monocot.org	/var/aegir/platforms/scratchpads-2.10.1	restionaceaeemon	sp-data-03
26288	rocosos.myspecies.info	/var/aegir/platforms/scratchpads-2.10.1	rocososmyspeci_0	sp-data-01
3325	rothmannia.myspecies.info	/var/aegir/platforms/scratchpads-2.10.1	rothmanniamyspec	sp-data-02
19116	rpwgenome.myspecies.info	/var/aegir/platforms/scratchpads-2.10.1	rpwgenomemyspe_0	sp-data-01
2617	rubiaceae-africa.myspecies.info	/var/aegir/platforms/scratchpads-2.10.1	rubiaceaeafricam	sp-data-02
3961	rubiaceae.myspecies.info	/var/aegir/platforms/scratchpads-2.10.1	rubiaceaemyspeci	sp-data-02
3869	rumrada.myspecies.info	/var/aegir/platforms/scratchpads-2.10.1	rumradamyspecies	sp-data-02
39769	rupicolas-ornamentales.myspecies.info	/var/aegir/platforms/scratchpads-2.10.1	rupicolasornamen	sp-data-02
18496	rusant-lv.myspecies.info	/var/aegir/platforms/scratchpads-2.10.1	rusantlvmyspec_0	sp-data-03
1660	sacoglossa.myspecies.info	/var/aegir/platforms/scratchpads-2.10.1	sacoglossamyspec	sp-data-01
1872	salamandersofchina.myspecies.info	/var/aegir/platforms/scratchpads-2.10.1	salamandersofchi	sp-data-03
13032	salticidaeuy.myspecies.info	/var/aegir/platforms/scratchpads-2.10.1	salticidaeuymysp	sp-data-02
3069	sami.myspecies.info	/var/aegir/platforms/scratchpads-2.10.1	samimyspeciesinf	sp-data-03
36152	sandbox.scratchpads.org	/var/aegir/platforms/scratchpads-2.9.17.1	sandboxscratch_2	sp-data-01
6143	saotomeprincipe.myspecies.info	/var/aegir/platforms/scratchpads-2.10.1	saotomeprincipem	sp-data-01
1111	sapotaceae-sangha-tri-national-area.myspecies.info	/var/aegir/platforms/scratchpads-2.10.1	sapotaceaesangha	sp-data-03
3813	sarcophagidae.myspecies.info	/var/aegir/platforms/scratchpads-2.10.1	sarcophagidaemys	sp-data-03
4530	sauropods.myspecies.info	/var/aegir/platforms/scratchpads-2.10.1	sauropodsmyspeci	sp-data-01
2351	saveauroraetna.myspecies.info	/var/aegir/platforms/scratchpads-2.10.1	saveauroraetnamy	sp-data-02
2012	scan.myspecies.info	/var/aegir/platforms/scratchpads-2.10.1	scanmyspeciesinf	sp-data-03
3641	scarabaeinae.myspecies.info	/var/aegir/platforms/scratchpads-2.10.1	scarabaeinaemysp	sp-data-03
4635	scarabindia.myspecies.info	/var/aegir/platforms/scratchpads-2.10.1	scarabindiamyspe	sp-data-02
2921	scarabnet.myspecies.info	/var/aegir/platforms/scratchpads-2.10.1	scarabnetmyspeci	sp-data-01
1728	scathophagidae.myspecies.info	/var/aegir/platforms/scratchpads-2.10.1	scathophagidaemy	sp-data-03
2491	scatopsoidea.myspecies.info	/var/aegir/platforms/scratchpads-2.10.1	scatopsoideamysp	sp-data-01
3801	sciaridae.myspecies.info	/var/aegir/platforms/scratchpads-2.10.1	sciaridaemyspeci	sp-data-03
1227	sciaroidea.info	/var/aegir/platforms/scratchpads-2.10.1	sciaroideainfo_1	sp-data-03
2865	sciencepolicy.myspecies.info	/var/aegir/platforms/scratchpads-2.10.1	sciencepolicymys	sp-data-03
1824	scilloideae.e-monocot.org	/var/aegir/platforms/scratchpads-2.10.1	scilloideaeemono	sp-data-03
4058	sciomyzidae.myspecies.info	/var/aegir/platforms/scratchpads-2.10.1	sciomyzidaemyspe	sp-data-02
3077	scleractinia-orig.myspecies.info	/var/aegir/platforms/scratchpads-2.10.1	scleractiniaorig	sp-data-01
4931	scleractinia.myspecies.info	/var/aegir/platforms/scratchpads-2.10.1	scleractiniamysp	sp-data-03
4955	scolocuba2.taxon.name	/var/aegir/platforms/scratchpads-2.10.1	scolocuba2taxonn	sp-data-01
1018	scratchpads.eu	/var/aegir/platforms/scratchpads_eu	scratchpadseu	sp-data-01
16827	seagrasses.myspecies.info	/var/aegir/platforms/scratchpads-2.10.1	seagrassesmysp_0	sp-data-03
2857	seahorse.myspecies.info	/var/aegir/platforms/scratchpads-2.10.1	seahorsemyspecie	sp-data-02
2391	sealice.myspecies.info	/var/aegir/platforms/scratchpads-2.10.1	sealicemyspecies	sp-data-01
4022	seamphipods.myspecies.info	/var/aegir/platforms/scratchpads-2.10.1	seamphipodsmyspe	sp-data-02
1135	seargentina.myspecies.info	/var/aegir/platforms/scratchpads-2.10.1	seargentinamyspe	sp-data-03
2151	seasiaclitoria.myspecies.info	/var/aegir/platforms/scratchpads-2.10.1	seasiaclitoriamy	sp-data-02
1187	seaweeds.myspecies.info	/var/aegir/platforms/scratchpads-2.10.1	seaweedsmyspecie	sp-data-03
2625	selaginella.myspecies.info	/var/aegir/platforms/scratchpads-2.10.1	selaginellamyspe	sp-data-01
4591	sesbania.myspecies.info	/var/aegir/platforms/scratchpads-2.10.1	sesbaniamyspecie	sp-data-01
4134	sichuanferns.myspecies.info	/var/aegir/platforms/scratchpads-2.10.1	sichuanfernsmysp	sp-data-03
2279	sihktiivalised.myspecies.info	/var/aegir/platforms/scratchpads-2.10.1	sihktiivalisedmy	sp-data-01
3329	sileneae.myspecies.info	/var/aegir/platforms/scratchpads-2.10.1	sileneaemyspecie	sp-data-03
2371	simuliidae.myspecies.info	/var/aegir/platforms/scratchpads-2.10.1	simuliidaemyspec	sp-data-01
1884	singaporeants.myspecies.info	/var/aegir/platforms/scratchpads-2.10.1	singaporeantsmys	sp-data-03
1800	sipuncula.myspecies.info	/var/aegir/platforms/scratchpads-2.10.1	sipunculamyspeci	sp-data-03
1360	slovaconitum.myspecies.info	/var/aegir/platforms/scratchpads-2.10.1	slovaconitummysp	sp-data-03
3333	smilacaceae.e-monocot.org	/var/aegir/platforms/scratchpads-2.10.1	smilacaceaeemono	sp-data-01
1392	smithsonianorchids.myspecies.info	/var/aegir/platforms/scratchpads-2.10.1	smithsonianorchi	sp-data-01
4266	soilanimals.myspecies.info	/var/aegir/platforms/scratchpads-2.10.1	soilanimalsmyspe	sp-data-03
2367	soilbiodiversityuk.myspecies.info	/var/aegir/platforms/scratchpads-2.10.1	soilbiodiversity	sp-data-03
6113	solanaceaesource.org	/var/aegir/platforms/scratchpads-2.9.17.1	solanaceaesour_0	sp-data-02
2223	solariellidae.myspecies.info	/var/aegir/platforms/scratchpads-2.10.1	solariellidaemys	sp-data-03
4623	songkhla-limestone-herbs.myspecies.info	/var/aegir/platforms/scratchpads-2.10.1	songkhlalimeston	sp-data-02
3425	soostracoda.myspecies.info	/var/aegir/platforms/scratchpads-2.10.1	soostracodamyspe	sp-data-03
2475	southafricanaquaticecosystems.myspecies.info	/var/aegir/platforms/scratchpads-2.10.1	southafricanaqua	sp-data-02
1852	southernmagnolias.myspecies.info	/var/aegir/platforms/scratchpads-2.10.1	southernmagnolia	sp-data-03
1644	speciesgreece.myspecies.info	/var/aegir/platforms/scratchpads-2.10.1	speciesgreecemys	sp-data-01
3237	speleobiology.myspecies.info	/var/aegir/platforms/scratchpads-2.10.1	speleobiologymys	sp-data-03
3825	sphingidae.myspecies.info	/var/aegir/platforms/scratchpads-2.10.1	sphingidaemysp_1	sp-data-03
2769	spiderworts.myspecies.info	/var/aegir/platforms/scratchpads-2.10.1	spiderwortsmyspe	sp-data-01
3733	squatlobsters.myspecies.info	/var/aegir/platforms/scratchpads-2.9.16	squatlobstersmys	sp-data-01
22789	staging.myspecies.info	/var/aegir/platforms/scratchpads-2.10.1	stagingmyspeci_0	sp-data-02
1020	stats.scratchpads.eu	/var/aegir/platforms/stats_scratchpads_eu	statsscratchpads	sp-data-01
2131	staurozoa.myspecies.info	/var/aegir/platforms/scratchpads-2.10.1	staurozoamyspeci	sp-data-01
4170	stilbonematinae.myspecies.info	/var/aegir/platforms/scratchpads-2.10.1	stilbonematinaem	sp-data-03
22640	stormbaymacrofauna.myspecies.info	/var/aegir/platforms/scratchpads-2.10.1	stormbaymacrofau	sp-data-01
2609	strofylia.myspecies.info	/var/aegir/platforms/scratchpads-2.10.1	strofyliamyspeci	sp-data-03
22614	strumigenys.myspecies.info	/var/aegir/platforms/scratchpads-2.10.1	strumigenysmyspe	sp-data-03
1876	sulawesiferns.myspecies.info	/var/aegir/platforms/scratchpads-2.10.1	sulawesifernsmys	sp-data-02
1251	swio.myspecies.info	/var/aegir/platforms/scratchpads-2.10.1	swiomyspeciesinf	sp-data-02
3625	synlestidae.myspecies.info	/var/aegir/platforms/scratchpads-2.10.1	synlestidaemyspe	sp-data-01
2969	synthesys3.myspecies.info	/var/aegir/platforms/scratchpads-2.10.1	synthesys3myspec	sp-data-03
2407	syrphidae.myspecies.info	/var/aegir/platforms/scratchpads-2.10.1	syrphidaemyspeci	sp-data-01
3465	syrphidaecolombia.myspecies.info	/var/aegir/platforms/scratchpads-2.10.1	syrphidaecolombi	sp-data-03
1524	syrrhophus.myspecies.info	/var/aegir/platforms/scratchpads-2.10.1	syrrhophusmyspec	sp-data-02
1219	systematicsblog.myspecies.info	/var/aegir/platforms/scratchpads-2.10.1	systematicsblogm	sp-data-01
1620	tabanidae.myspecies.info	/var/aegir/platforms/scratchpads-2.10.1	tabanidaemyspeci	sp-data-03
2115	tachinidae.myspecies.info	/var/aegir/platforms/scratchpads-2.10.1	tachinidaemyspec	sp-data-03
3597	taiwanseagrasses.myspecies.info	/var/aegir/platforms/scratchpads-2.10.1	taiwanseagrasses	sp-data-01
3249	taxoncuration.myspecies.info	/var/aegir/platforms/scratchpads-2.10.1	taxoncurationmys	sp-data-03
3517	taygetis.myspecies.info	/var/aegir/platforms/scratchpads-2.10.1	taygetismyspecie	sp-data-02
4302	tectaria.myspecies.info	/var/aegir/platforms/scratchpads-2.10.1	tectariamyspecie	sp-data-03
2829	teloganodidae.myspecies.info	/var/aegir/platforms/scratchpads-2.10.1	teloganodidaemys	sp-data-01
3145	tenebphylo.myspecies.info	/var/aegir/platforms/scratchpads-2.10.1	tenebphylomyspec	sp-data-02
3501	tephrosia.myspecies.info	/var/aegir/platforms/scratchpads-2.10.1	tephrosiamyspeci	sp-data-01
2573	termites.myspecies.info	/var/aegir/platforms/scratchpads-2.10.1	termitesmyspecie	sp-data-03
3485	terrslugs.myspecies.info	/var/aegir/platforms/scratchpads-2.10.1	terrslugsmyspeci	sp-data-03
2415	tetracyclus.myspecies.info	/var/aegir/platforms/scratchpads-2.10.1	tetracyclusmyspe	sp-data-02
4639	thai-freshwater-sponges.myspecies.info	/var/aegir/platforms/scratchpads-2.10.1	thaifreshwater_0	sp-data-03
4611	thai-fwsponges.myspecies.info	/var/aegir/platforms/scratchpads-2.10.1	thaifwspongesmys	sp-data-03
4579	thai-plants.myspecies.info	/var/aegir/platforms/scratchpads-2.10.1	thaiplantsmyspec	sp-data-01
1780	thaiasteraceae.myspecies.info	/var/aegir/platforms/scratchpads-2.10.1	thaiasteraceaemy	sp-data-02
1532	thaicanthium.myspecies.info	/var/aegir/platforms/scratchpads-2.10.1	thaicanthiummysp	sp-data-03
1700	thaifernflora.myspecies.info	/var/aegir/platforms/scratchpads-2.10.1	thaifernfloramys	sp-data-01
1316	thaihomegarden.myspecies.info	/var/aegir/platforms/scratchpads-2.10.1	thaihomegardenmy	sp-data-03
2933	thailandsapria.myspecies.info	/var/aegir/platforms/scratchpads-2.10.1	thailandsapriamy	sp-data-03
3093	thailandweeds.myspecies.info	/var/aegir/platforms/scratchpads-2.10.1	thailandweedsmys	sp-data-03
3853	thailsugarpalms.myspecies.info	/var/aegir/platforms/scratchpads-2.10.1	thailsugarpalmsm	sp-data-02
3765	thaipalm.myspecies.info	/var/aegir/platforms/scratchpads-2.10.1	thaipalmmyspecie	sp-data-01
1952	thebeagleproject.myspecies.info	/var/aegir/platforms/scratchpads-2.10.1	thebeagleproject	sp-data-01
16662	thelichensdirectory.myspecies.info	/var/aegir/platforms/scratchpads-2.10.1	thelichensdirect	sp-data-02
3797	threatenedplants.myspecies.info	/var/aegir/platforms/scratchpads-2.10.1	threatenedplants	sp-data-03
2319	thymus.myspecies.info	/var/aegir/platforms/scratchpads-2.10.1	thymusmyspeciesi	sp-data-03
4474	tien-shan.myspecies.info	/var/aegir/platforms/scratchpads-2.10.1	tienshanmyspecie	sp-data-02
2669	timbercopse.myspecies.info	/var/aegir/platforms/scratchpads-2.10.1	timbercopsemyspe	sp-data-01
4254	tipos.miza-ucv.org.ve	/var/aegir/platforms/scratchpads-2.10.1	tiposmizaucvorgv	sp-data-03
4350	toona.myspecies.info	/var/aegir/platforms/scratchpads-2.10.1	toonamyspeciesin	sp-data-03
27011	tortricidae.myspecies.info	/var/aegir/platforms/scratchpads-2.10.1	tortricidaemyspe	sp-data-02
12938	training.myspecies.info	/var/aegir/platforms/scratchpads-2.10.1	trainingmyspecie	sp-data-01
13071	treeplantae.myspecies.info	/var/aegir/platforms/scratchpads-2.10.1	treeplantaemyspe	sp-data-03
1304	treeschool.myspecies.info	/var/aegir/platforms/scratchpads-2.10.1	treeschoolmyspec	sp-data-01
4510	triatominae.miza-ucv.org.ve	/var/aegir/platforms/scratchpads-2.10.1	triatominaemizau	sp-data-02
1676	tribeeragrostideae.myspecies.info	/var/aegir/platforms/scratchpads-2.10.1	tribeeragrostide	sp-data-01
1652	trichoptera.myspecies.info	/var/aegir/platforms/scratchpads-2.10.1	trichopteramyspe	sp-data-03
2953	truchasmexicanas.myspecies.info	/var/aegir/platforms/scratchpads-2.10.1	truchasmexican_0	sp-data-02
1940	truebugs.myspecies.info	/var/aegir/platforms/scratchpads-2.10.1	truebugsmyspecie	sp-data-01
2641	tunicata.myspecies.info	/var/aegir/platforms/scratchpads-2.10.1	tunicatamyspecie	sp-data-02
3381	twflowers.myspecies.info	/var/aegir/platforms/scratchpads-2.10.1	twflowersmyspeci	sp-data-03
3537	twlep.myspecies.info	/var/aegir/platforms/scratchpads-2.10.1	twlepmyspeciesin	sp-data-01
1243	types-nmp.cz	/var/aegir/platforms/scratchpads-2.10.1	typesnmpcz	sp-data-02
3005	typhaceae.e-monocot.org	/var/aegir/platforms/scratchpads-2.10.1	typhaceaeemonoco	sp-data-03
3481	ubsc.myspecies.info	/var/aegir/platforms/scratchpads-2.10.1	ubscmyspeciesinf	sp-data-02
3609	ukbap.myspecies.info	/var/aegir/platforms/scratchpads-2.10.1	ukbapmyspeciesin	sp-data-03
2031	ukbsc.info	/var/aegir/platforms/scratchpads-2.10.1	ukbscinfo	sp-data-03
3389	ukcetcea.myspecies.info	/var/aegir/platforms/scratchpads-2.10.1	ukcetceamyspecie	sp-data-02
2459	ukhymenoptera.myspecies.info	/var/aegir/platforms/scratchpads-2.10.1	ukhymenopteramys	sp-data-02
31044	ukrlichenicolous.myspecies.info	/var/aegir/platforms/scratchpads-2.10.1	ukrlichenicolo_0	sp-data-01
4330	undergrowth.myspecies.info	/var/aegir/platforms/scratchpads-2.10.1	undergrowthmyspe	sp-data-01
3997	unified.myspecies.info	/var/aegir/platforms/scratchpads-2.10.1	unifiedmyspecies	sp-data-03
1832	uorpmn.myspecies.info	/var/aegir/platforms/scratchpads-2.10.1	uorpmnmyspeciesi	sp-data-01
1760	urbanfloranyc.myspecies.info	/var/aegir/platforms/scratchpads-2.10.1	urbanfloranycmys	sp-data-01
1628	urostylididae.myspecies.info	/var/aegir/platforms/scratchpads-2.10.1	urostylididaemys	sp-data-02
1004	vbrant.scratchpads.org	/var/aegir/platforms/vbrant_eu	vbrantscratchpad	sp-data-01
39745	vbrant2.scratchpads.org	/var/aegir/platforms/vbrant_eu	vbrant2scratchpa	sp-data-01
27023	vc55myxomycetes.myspecies.info	/var/aegir/platforms/scratchpads-2.10.1	vc55myxomycetesm	sp-data-03
4402	vegetacao-praias.myspecies.info	/var/aegir/platforms/scratchpads-2.10.1	vegetacaopraiasm	sp-data-03
4178	veterinaryforensicentomology.myspecies.info	/var/aegir/platforms/scratchpads-2.10.1	veterinaryforens	sp-data-03
3073	viburnum.myspecies.info	/var/aegir/platforms/scratchpads-2.10.1	viburnummyspecie	sp-data-02
31115	virola.myspecies.info	/var/aegir/platforms/scratchpads-2.10.1	virolamyspecie_0	sp-data-03
3469	wallacefund.myspecies.info	/var/aegir/platforms/scratchpads-2.10.1	wallacefundmyspe	sp-data-02
1504	wallaceletters.myspecies.info	/var/aegir/platforms/scratchpads-2.10.1	wallacelettersmy	sp-data-01
31047	wap-flora.myspecies.info	/var/aegir/platforms/scratchpads-2.10.1	wapfloramyspec_0	sp-data-02
31068	waspweb.myspecies.info	/var/aegir/platforms/scratchpads-2.10.1	waspwebmyspeci_0	sp-data-03
1668	weevil.info	/var/aegir/platforms/scratchpads-2.10.1	weevilinfo	sp-data-03
3977	westpalbees.myspecies.info	/var/aegir/platforms/scratchpads-2.10.1	westpalbeesmyspe	sp-data-03
2275	westpyrfloraconservation.myspecies.info	/var/aegir/platforms/scratchpads-2.10.1	westpyrfloracons	sp-data-03
2849	wildlifewindows.myspecies.info	/var/aegir/platforms/scratchpads-2.10.1	wildlifewindowsm	sp-data-03
2363	worachat.myspecies.info	/var/aegir/platforms/scratchpads-2.10.1	worachatmyspecie	sp-data-02
1436	woranart.myspecies.info	/var/aegir/platforms/scratchpads-2.10.1	woranartmyspecie	sp-data-03
2789	worldodonata.myspecies.info	/var/aegir/platforms/scratchpads-2.10.1	worldodonatamysp	sp-data-01
1596	worldwidediatoms.myspecies.info	/var/aegir/platforms/scratchpads-2.10.1	worldwidediatoms	sp-data-01
1312	worms.myspecies.info	/var/aegir/platforms/scratchpads-2.10.1	wormsmyspeciesin	sp-data-02
16641	wpmutillidae.myspecies.info	/var/aegir/platforms/scratchpads-2.10.1	wpmutillidaemy_0	sp-data-03
1704	wtapassifloraceae.myspecies.info	/var/aegir/platforms/scratchpads-2.10.1	wtapassifloracea	sp-data-01
1404	www.cicadina.eu	/var/aegir/platforms/scratchpads-2.10.1	cicadinaeu	sp-data-01
29905	www.gallnem.org	/var/aegir/platforms/scratchpads-2.10.1	gallnemorg	sp-data-02
2187	www.nautiloidea.cz	/var/aegir/platforms/scratchpads-2.10.1	nautiloideacz	sp-data-03
3277	xanthorrhoeaceae.e-monocot.org	/var/aegir/platforms/scratchpads-2.10.1	xanthorrhoeace_0	sp-data-01
1804	xestospongia.myspecies.info	/var/aegir/platforms/scratchpads-2.10.1	xestospongiamysp	sp-data-02
3589	xianhuflora.myspecies.info	/var/aegir/platforms/scratchpads-2.10.1	xianhufloramyspe	sp-data-02
2621	xyleborini.myspecies.info	/var/aegir/platforms/scratchpads-2.10.1	xyleborinimyspec	sp-data-01
3045	xyridaceae.e-monocot.org	/var/aegir/platforms/scratchpads-2.10.1	xyridaceaeemonoc	sp-data-01
4631	yothai.myspecies.info	/var/aegir/platforms/scratchpads-2.10.1	yothaimyspeciesi	sp-data-01
31041	yunnanfern.myspecies.info	/var/aegir/platforms/scratchpads-2.10.1	yunnanfernmysp_0	sp-data-03
31038	zjplant.myspecies.info	/var/aegir/platforms/scratchpads-2.10.1	zjplantmyspeci_0	sp-data-01
3097	zooemu.myspecies.info	/var/aegir/platforms/scratchpads-2.10.1	zooemumyspeciesi	sp-data-02
3721	zootaxa.info	/var/aegir/platforms/scratchpads-2.10.1	zootaxainfo	sp-data-02
