26280	myspecies.info
1020	stats.myspecies.info
1004	vbrant.myspecies.info
4078	acrocephalus-vaibla.myspecies.info
1267	aeridinae.myspecies.info
5047	africanfreshwater.myspecies.info
2135	africhthy.myspecies.info
1500	alienplantsbelgium.myspecies.info
2203	cate-araceae.myspecies.info
3709	bembidion.myspecies.info
1207	blattodea-culture-group.myspecies.info
2613	cenozoicforaminifera.myspecies.info
2243	cephbase-eol.myspecies.info
4390	cerambycidae-miza-ucv.myspecies.info
4214	chrysomelidae-miza-ucv.myspecies.info
2537	corals-cordioea.myspecies.info
3909	costaricaninverts.myspecies.info
2035	e-m-b.myspecies.info
1276	echinoderms-lifedesks.myspecies.info
2000	empidoidea-info.myspecies.info
2925	eunops.myspecies.info
5035	freshbase.myspecies.info
1984	holarctic-ostracoda.myspecies.info
1932	inverts.myspecies.info
3749	ipaeg.myspecies.info
4442	lepidoptera-miza-ucv.myspecies.info
1692	macrostomorpha.myspecies.info
2753	milichiidae.myspecies.info
21238	nepticuloidea.myspecies.info
1055	phasmid-study-group.myspecies.info
2985	poissongabon.myspecies.info
1227	sciaroidea.myspecies.info
4955	myriacuba.myspecies.info
6079	antkey.myspecies.info
6089	fossilinsects-net.myspecies.info
6089	fossilinsects.myspecies.info
36152	test-sandbox.myspecies.info
6113	solanaceaesource.myspecies.info
4254	tipos-miza-ucv.myspecies.info
4510	triatominae-miza-ucv.myspecies.info
1243	types-nmp.myspecies.info
2031	ukbsc.myspecies.info
1668	weevil.myspecies.info
1404	cicadina.myspecies.info
29905	gallnem.myspecies.info
2187	nautiloidea.myspecies.info
3721	zootaxa.myspecies.info
6115	phthiraptera.myspecies.info
4947	mosquito-taxonomic-inventory.myspecies.info
31062	corvus-net3.myspecies.info
3621	niksbivalveos.myspecies.info
4394	odonata-miza-ucv.myspecies.info
2717	globalbees.myspecies.info
