domain,db_name,db_host,nid,platform_path
microgastrinae.myspecies.info,microgastrinae_0,157.140.2.153,1640.0,/var/aegir/platforms/scratchpads-2.10.1
cirripedia.myspecies.info,cirripediamyspec,157.140.2.171,2463.0,/var/aegir/platforms/scratchpads-2.10.1
africanmoss.myspecies.info,africanmossmys_1,157.140.2.164,4234.0,/var/aegir/platforms/scratchpads-2.10.1
forests.myspecies.info,forestsmyspeci_0,157.140.2.153,32338.0,/var/aegir/platforms/scratchpads-2.10.1
terrslugs.myspecies.info,terrslugsmyspe_0,157.140.2.171,3485.0,/var/aegir/platforms/scratchpads-2.10.1
paederinae.myspecies.info,paederinaemyspec,157.140.2.171,1412.0,/var/aegir/platforms/scratchpads-2.10.1
freshbase.info,freshbaseinfo,157.140.2.153,5035.0,/var/aegir/platforms/scratchpads-2.10.1
training.myspecies.info,trainingmyspec_0,157.140.2.153,12938.0,/var/aegir/platforms/scratchpads-2.10.1
eflower.myspecies.info,eflowermyspecies,157.140.2.164,3729.0,/var/aegir/platforms/scratchpads-2.10.1
africhthy.org,africhthyorg,157.140.2.164,2135.0,/var/aegir/platforms/scratchpads-2.10.1
aconitum.myspecies.info.x,aconitummyspec_0,157.140.2.164,,
africanpalms.myspecies.info,africanpalmsmysp,157.140.2.171,4370.0,/var/aegir/platforms/scratchpads-2.10.1
avesamericanas.myspecies.info,avesamericanasmy,157.140.2.153,3821.0,/var/aegir/platforms/scratchpads-2.10.1
sapotaceae-sangha-tri-national-area.myspecies.info,sapotaceaesang_0,157.140.2.171,1111.0,/var/aegir/platforms/scratchpads-2.10.1
eunops.org,eunopsorg,157.140.2.153,2925.0,/var/aegir/platforms/scratchpads-2.10.1
erythroxylaceae.myspecies.info,erythroxylaceaem,157.140.2.164,3949.0,/var/aegir/platforms/scratchpads-2.10.1
british-earthworms.myspecies.info,britishearthworm,157.140.2.164,2199.0,/var/aegir/platforms/scratchpads-2.10.1
guaminsects.myspecies.info,guaminsectsmyspe,157.140.2.164,3369.0,/var/aegir/platforms/scratchpads-2.10.1
cannaceae.e-monocot.org,cannaceaeemono_0,157.140.2.164,2067.0,/var/aegir/platforms/scratchpads-2.10.1
britishfleas2.myspecies.info,britishfleas2mys,157.140.2.153,4739.0,/var/aegir/platforms/scratchpads-2.10.1
foraminifera.myspecies.info,foraminiferamysp,157.140.2.164,1324.0,/var/aegir/platforms/scratchpads-2.10.1
compositae.myspecies.info,compositaemyspec,157.140.2.171,3897.0,/var/aegir/platforms/scratchpads-2.10.1
mormyrids.myspecies.info,mormyridsmyspe_0,157.140.2.153,3693.0,/var/aegir/platforms/scratchpads-2.10.1
bionoset.myspecies.info,bionosetmyspecie,157.140.2.164,1828.0,/var/aegir/platforms/scratchpads-2.10.1
dipteratyoryhma.myspecies.info,dipteratyoryhmam,157.140.2.164,1900.0,/var/aegir/platforms/scratchpads-2.10.1
pwessapak.myspecies.info,pwessapakmyspe_0,157.140.2.164,1636.0,/var/aegir/platforms/scratchpads-2.10.1
cnidaria.myspecies.info,cnidariamyspecie,157.140.2.164,2395.0,/var/aegir/platforms/scratchpads-2.10.1
planktonicforaminifera.myspecies.info,planktonicfora_0,157.140.2.164,4106.0,/var/aegir/platforms/scratchpads-2.10.1
anthyllisvulneraria.myspecies.info,anthyllisvulnera,157.140.2.171,1300.0,/var/aegir/platforms/scratchpads-2.10.1
pittioni.myspecies.info,pittionimyspec_0,157.140.2.171,1544.0,/var/aegir/platforms/scratchpads-2.10.1
plantbiodiversity.myspecies.info,plantbiodivers_0,157.140.2.171,2557.0,/var/aegir/platforms/scratchpads-2.10.1
ukbap.myspecies.info,ukbapmyspecies_0,157.140.2.171,3609.0,/var/aegir/platforms/scratchpads-2.10.1
tortricidae.myspecies.info,tortricidaemys_0,157.140.2.164,27011.0,/var/aegir/platforms/scratchpads-2.10.1
dgfradecol.myspecies.info,dgfradecolmyspec,157.140.2.164,43106.0,/var/aegir/platforms/scratchpads-2.10.1
vbrant2.scratchpads.org,vbrant2scratchpa,157.140.2.153,39745.0,/var/aegir/platforms/vbrant_eu
naesiotus.myspecies.info,naesiotusmyspe_0,157.140.2.164,13425.0,/var/aegir/platforms/scratchpads-2.10.1
lacewings.myspecies.info,lacewingsmyspeci,157.140.2.153,1992.0,/var/aegir/platforms/scratchpads-2.10.1
thebeagleproject.myspecies.info,thebeagleproje_0,157.140.2.153,1952.0,/var/aegir/platforms/scratchpads-2.10.1
orthoptera.myspecies.info,orthopteramyspec,157.140.2.153,4939.0,/var/aegir/platforms/scratchpads-2.10.1
amorphophallus.myspecies.info,amorphophallusmy,157.140.2.153,4667.0,/var/aegir/platforms/scratchpads-2.10.1
wap-flora.myspecies.info,wapfloramyspecie,157.140.2.164,31047.0,/var/aegir/platforms/scratchpads-2.10.1
hypoxidaceae.e-monocot.org,hypoxidaceaeem_0,157.140.2.153,2431.0,/var/aegir/platforms/scratchpads-2.10.1
lauraceae.myspecies.info,lauraceaemyspeci,157.140.2.171,2801.0,/var/aegir/platforms/scratchpads-2.10.1
gateway.myspecies.info,gatewaymyspecies,157.140.2.153,3557.0,/var/aegir/platforms/scratchpads-2.10.1
urbanfloranyc.myspecies.info,urbanfloranycm_0,157.140.2.153,1760.0,/var/aegir/platforms/scratchpads-2.10.1
chess.myspecies.info,chessmyspeciesin,157.140.2.153,1464.0,/var/aegir/platforms/scratchpads-2.10.1
florez.myspecies.info,florezmyspeciesi,157.140.2.164,2447.0,/var/aegir/platforms/scratchpads-2.10.1
sauropods.myspecies.info,sauropodsmyspe_0,157.140.2.153,4530.0,/var/aegir/platforms/scratchpads-2.10.1
rupicolas-ornamentales.myspecies.info,rupicolasornam_0,157.140.2.164,39769.0,/var/aegir/platforms/scratchpads-2.10.1
nematoda.myspecies.info,nematodamyspecie,157.140.2.153,3933.0,/var/aegir/platforms/scratchpads-2.10.1
osdl.myspecies.info,osdlmyspeciesinf,157.140.2.153,1764.0,/var/aegir/platforms/scratchpads-2.10.1
lusolepidoptera.myspecies.info,lusolepidopteram,157.140.2.153,2553.0,/var/aegir/platforms/scratchpads-2.10.1
gbrsponges.myspecies.info,gbrspongesmyspec,157.140.2.153,2347.0,/var/aegir/platforms/scratchpads-2.10.1
get.scratchpads.org,getscratchpadseu,localhost,,
arcticplants.myspecies.info,arcticplantsmysp,157.140.2.171,1340.0,/var/aegir/platforms/scratchpads-2.10.1
echimed.myspecies.info,echimedmyspecies,157.140.2.171,3581.0,/var/aegir/platforms/scratchpads-2.10.1
gsrnematoda.myspecies.info,gsrnematodamyspe,157.140.2.153,2503.0,/var/aegir/platforms/scratchpads-2.10.1
virola.myspecies.info,virolamyspeciesi,157.140.2.171,31115.0,/var/aegir/platforms/scratchpads-2.10.1
compositaeuy.myspecies.info,compositaeuymysp,157.140.2.171,13044.0,/var/aegir/platforms/scratchpads-2.10.1
forest.myspecies.info,forestmyspeciesi,157.140.2.153,32296.0,/var/aegir/platforms/scratchpads-2.9.15
ibercurcus.myspecies.info,ibercurcusmyspec,157.140.2.171,2649.0,/var/aegir/platforms/scratchpads-2.10.1
scleractinia-orig.myspecies.info,scleractiniaor_0,157.140.2.153,3077.0,/var/aegir/platforms/scratchpads-2.10.1
uorpmn.myspecies.info,uorpmnmyspecie_0,157.140.2.153,1832.0,/var/aegir/platforms/scratchpads-2.10.1
milichiidae.info,milichiidaeinf_0,157.140.2.153,2753.0,/var/aegir/platforms/scratchpads-2.10.1
brazilianfungi.myspecies.info,brazilianfungimy,157.140.2.171,4711.0,/var/aegir/platforms/scratchpads-2.10.1
sciaridae.myspecies.info,sciaridaemyspe_0,157.140.2.171,3801.0,/var/aegir/platforms/scratchpads-2.10.1
biosensors.myspecies.info,biosensorsmyspec,157.140.2.153,1896.0,/var/aegir/platforms/scratchpads-2.10.1
fishesoftexas.myspecies.info,fishesoftexasmys,157.140.2.153,2191.0,/var/aegir/platforms/scratchpads-2.10.1
elmidae.myspecies.info,elmidaemyspecies,157.140.2.153,4462.0,/var/aegir/platforms/scratchpads-2.10.1
eolhotlist.myspecies.info,eolhotlistmyspec,157.140.2.171,1796.0,/var/aegir/platforms/scratchpads-2.10.1
nnb.myspecies.info,nnbmyspeciesinfo,157.140.2.153,2255.0,/var/aegir/platforms/scratchpads-2.10.1
empidoidea.info,empidoideainfo,157.140.2.171,2000.0,/var/aegir/platforms/scratchpads-2.10.1
taygetis.myspecies.info,taygetismyspec_0,157.140.2.164,3517.0,/var/aegir/platforms/scratchpads-2.10.1
synlestidae.myspecies.info,synlestidaemys_0,157.140.2.153,3625.0,/var/aegir/platforms/scratchpads-2.10.1
madridhesperiidae.myspecies.info,madridhesperiida,157.140.2.153,2721.0,/var/aegir/platforms/scratchpads-2.10.1
cyperaceae.e-monocot.org,cyperaceaeemonoc,157.140.2.171,2207.0,/var/aegir/platforms/scratchpads-2.10.1
convolvulus.myspecies.info,convolvulusmyspe,157.140.2.164,3445.0,/var/aegir/platforms/scratchpads-2.10.1
sandbox.scratchpads.org,sandboxscratch_1,157.140.2.153,36152.0,/var/aegir/platforms/scratchpads-2.9.17.1
pterophoroidea.myspecies.info,pterophoroideamy,157.140.2.164,2629.0,/var/aegir/platforms/scratchpads-2.10.1
data.neomaps.org,dataneomapsorg,157.140.2.164,2343.0,/var/aegir/platforms/scratchpads-2.10.1
desmodieae.myspecies.info,desmodieaemysp_0,157.140.2.153,2399.0,/var/aegir/platforms/scratchpads-2.10.1
cats.myspecies.info,catsmyspeciesinf,157.140.2.171,12985.0,/var/aegir/platforms/scratchpads-2.10.1
thaiasteraceae.myspecies.info,thaiasteraceae_0,157.140.2.164,1780.0,/var/aegir/platforms/scratchpads-2.10.1
campanulaceae.myspecies.info,campanulaceaemys,157.140.2.164,2701.0,/var/aegir/platforms/scratchpads-2.10.1
cerambycidae.miza-ucv.org.ve,cerambycidaemiza,157.140.2.153,4390.0,/var/aegir/platforms/scratchpads-2.10.1
ipomoeeae.myspecies.info,ipomoeeaemyspeci,157.140.2.153,4306.0,/var/aegir/platforms/scratchpads-2.10.1
hypogymnia.myspecies.info,hypogymniamyspec,157.140.2.164,1848.0,/var/aegir/platforms/scratchpads-2.10.1
endemicseriocaulon.myspecies.info,endemicseriocaul,157.140.2.153,3141.0,/var/aegir/platforms/scratchpads-2.10.1
thaipalm.myspecies.info,thaipalmmyspec_0,157.140.2.153,3765.0,/var/aegir/platforms/scratchpads-2.10.1
threatenedplants.myspecies.info,threatenedplan_0,157.140.2.171,3797.0,/var/aegir/platforms/scratchpads-2.10.1
araceae.myspecies.info,araceaemyspecies,157.140.2.153,2055.0,/var/aegir/platforms/scratchpads-2.10.1
tabanidae.myspecies.info,tabanidaemyspe_0,157.140.2.171,1620.0,/var/aegir/platforms/scratchpads-2.10.1
selaginella.myspecies.info,selaginellamys_0,157.140.2.153,2625.0,/var/aegir/platforms/scratchpads-2.10.1
timbercopse.myspecies.info,timbercopsemys_0,157.140.2.153,2669.0,/var/aegir/platforms/scratchpads-2.10.1
lobostemon.myspecies.info,lobostemonmyspec,157.140.2.164,3297.0,/var/aegir/platforms/scratchpads-2.10.1
atdnmorphospecies.myspecies.info,atdnmorphospecie,157.140.2.164,2283.0,/var/aegir/platforms/scratchpads-2.10.1
floraofgibraltar.myspecies.info,floraofgibraltar,157.140.2.164,4262.0,/var/aegir/platforms/scratchpads-2.10.1
aliens-hb.myspecies.info,alienshbmyspecie,157.140.2.153,3225.0,/var/aegir/platforms/scratchpads-2.10.1
malaypeninsularsnail.myspecies.info,malaypeninsula_0,157.140.2.164,1452.0,/var/aegir/platforms/scratchpads-2.10.1
fagaceae.myspecies.info,fagaceaemyspecie,157.140.2.164,4322.0,/var/aegir/platforms/scratchpads-2.10.1
strofylia.myspecies.info,strofyliamyspe_0,157.140.2.171,2609.0,/var/aegir/platforms/scratchpads-2.10.1
angiosperms.myspecies.info,angiospermsmyspe,157.140.2.164,3009.0,/var/aegir/platforms/scratchpads-2.10.1
iridaceae.e-monocot.org,iridaceaeemonoco,157.140.2.164,1119.0,/var/aegir/platforms/scratchpads-2.10.1
projectwoop.myspecies.info,projectwoopmyspe,157.140.2.164,26229.0,/var/aegir/platforms/scratchpads-2.10.1
thai-plants.myspecies.info,thaiplantsmysp_0,157.140.2.153,4579.0,/var/aegir/platforms/scratchpads-2.10.1
calyptraeids.myspecies.info,calyptraeidsmysp,157.140.2.153,3429.0,/var/aegir/platforms/scratchpads-2.10.1
thelichensdirectory.myspecies.info,thelichensdire_1,157.140.2.164,16662.0,/var/aegir/platforms/scratchpads-2.10.1
thai-fwsponges.myspecies.info,thaifwspongesm_0,157.140.2.171,4611.0,/var/aegir/platforms/scratchpads-2.10.1
worldwidediatoms.myspecies.info,worldwidediato_0,157.140.2.153,1596.0,/var/aegir/platforms/scratchpads-2.10.1
sciaroidea.info,sciaroideainfo_2,157.140.2.171,1227.0,/var/aegir/platforms/scratchpads-2.10.1
trichoptera.myspecies.info,trichopteramys_0,157.140.2.171,1652.0,/var/aegir/platforms/scratchpads-2.10.1
beesofcanada.myspecies.info,beesofcanadamysp,157.140.2.164,43233.0,/var/aegir/platforms/scratchpads-2.10.1
reefichno.myspecies.info,reefichnomyspe_0,157.140.2.171,4815.0,/var/aegir/platforms/scratchpads-2.10.1
salamandersofchina.myspecies.info,salamandersofc_0,157.140.2.171,1872.0,/var/aegir/platforms/scratchpads-2.10.1
plantea.myspecies.info,planteamyspeci_0,157.140.2.171,3965.0,/var/aegir/platforms/scratchpads-2.10.1
coleopteraofgibraltar.myspecies.info,coleopteraofgibr,157.140.2.164,6228.0,/var/aegir/platforms/scratchpads-2.10.1
dombeya.myspecies.info,dombeyamyspecies,157.140.2.164,3397.0,/var/aegir/platforms/scratchpads-2.10.1
hundrednewlichens.myspecies.info,hundrednewlichen,157.140.2.164,2387.0,/var/aegir/platforms/scratchpads-2.10.1
apoidea.myspecies.info,apoideamyspecies,157.140.2.171,2403.0,/var/aegir/platforms/scratchpads-2.10.1
bermudalichens.myspecies.info,bermudalichensmy,157.140.2.153,1380.0,/var/aegir/platforms/scratchpads-2.10.1
sesbania.myspecies.info,sesbaniamyspec_0,157.140.2.153,4591.0,/var/aegir/platforms/scratchpads-2.10.1
papilionoidea.myspecies.info,papilionoideamys,157.140.2.153,3561.0,/var/aegir/platforms/scratchpads-2.10.1
www.cicadina.eu,cicadinaeu_0,157.140.2.153,1404.0,/var/aegir/platforms/scratchpads-2.10.1
potamogetonaceae.e-monocot.org,potamogetonace_1,157.140.2.171,1496.0,/var/aegir/platforms/scratchpads-2.10.1
natchazingiberaceae.myspecies.info,natchazingiberac,157.140.2.171,3737.0,/var/aegir/platforms/scratchpads-2.10.1
waspweb.myspecies.info,waspwebmyspecies,157.140.2.171,31068.0,/var/aegir/platforms/scratchpads-2.10.1
cyathodiaceae.myspecies.info,cyathodiaceaemys,157.140.2.164,2761.0,/var/aegir/platforms/scratchpads-2.10.1
macroalgasuy.myspecies.info,macroalgasuymy_0,157.140.2.164,13315.0,/var/aegir/platforms/scratchpads-2.10.1
pistiaistyoryhma.myspecies.info,pistiaistyory_13,157.140.2.164,1812.0,/var/aegir/platforms/scratchpads-2.10.1
neogenebryozoans.myspecies.info,neogenebryozoans,157.140.2.153,3925.0,/var/aegir/platforms/scratchpads-2.10.1
fegeco.myspecies.info,fegecomyspeciesi,157.140.2.153,1460.0,/var/aegir/platforms/scratchpads-2.10.1
scleractinia.myspecies.info,scleractiniamy_0,157.140.2.171,4931.0,/var/aegir/platforms/scratchpads-2.10.1
horseshoecrabs.myspecies.info,horseshoecrabsmy,157.140.2.164,4755.0,/var/aegir/platforms/scratchpads-2.10.1
bebol.myspecies.info,bebolmyspeciesin,157.140.2.171,2909.0,/var/aegir/platforms/scratchpads-2.10.1
e-m-b.org,emborg,157.140.2.153,2035.0,/var/aegir/platforms/scratchpads-2.10.1
mushrooms.myspecies.info,mushroomsmyspe_0,157.140.2.164,4346.0,/var/aegir/platforms/scratchpads-2.10.1
leucospis.myspecies.info,leucospismyspeci,157.140.2.164,1972.0,/var/aegir/platforms/scratchpads-2.10.1
crabgrass.myspecies.info,crabgrassmyspeci,157.140.2.153,1416.0,/var/aegir/platforms/scratchpads-2.10.1
digitalspiders.myspecies.info,digitalspidersmy,157.140.2.164,3241.0,/var/aegir/platforms/scratchpads-2.10.1
families.e-monocot.org,familiesemonocot,157.140.2.153,3185.0,/var/aegir/platforms/scratchpads-2.10.1
kasan03.myspecies.info,kasan03myspecies,157.140.2.164,3817.0,/var/aegir/platforms/scratchpads-2.10.1
cyberbraconid.myspecies.info,cyberbraconidm_0,157.140.2.171,16632.0,/var/aegir/platforms/scratchpads-2.10.1
pselaphinae-bg.myspecies.info,pselaphinaebgm_0,157.140.2.153,3913.0,/var/aegir/platforms/scratchpads-2.10.1
eucolcomp.myspecies.info,eucolcompmyspeci,157.140.2.171,1143.0,/var/aegir/platforms/scratchpads-2.10.1
inoceramusatlas.myspecies.info,inoceramusatlasm,157.140.2.153,43212.0,/var/aegir/platforms/scratchpads-2.10.1
atyaephyra.myspecies.info,atyaephyramyspec,157.140.2.153,2693.0,/var/aegir/platforms/scratchpads-2.10.1
thaihomegarden.myspecies.info,thaihomegarden_0,157.140.2.171,1316.0,/var/aegir/platforms/scratchpads-2.10.1
bembidion.info,bembidioninfo,157.140.2.171,3709.0,/var/aegir/platforms/scratchpads-2.10.1
worms.myspecies.info,wormsmyspecies_0,157.140.2.164,1312.0,/var/aegir/platforms/scratchpads-2.10.1
ethnobotanyofhmong.myspecies.info,ethnobotanyofhmo,157.140.2.164,1083.0,/var/aegir/platforms/scratchpads-2.10.1
mauritiusbeetles.myspecies.info,mauritiusbeetl_0,157.140.2.164,2989.0,/var/aegir/platforms/scratchpads-2.10.1
types-nmp.cz,typesnmpcz_0,157.140.2.164,1243.0,/var/aegir/platforms/scratchpads-2.10.1
imembracoidea.myspecies.info,imembracoideamys,157.140.2.164,3505.0,/var/aegir/platforms/scratchpads-2.10.1
www.gallnem.org,gallnemorg_0,157.140.2.164,29905.0,/var/aegir/platforms/scratchpads-2.10.1
nmeeprom.myspecies.info,nmeeprommyspecie,157.140.2.164,3037.0,/var/aegir/platforms/scratchpads-2.10.1
nzfossilconoidea.myspecies.info,nzfossilconoidea,157.140.2.153,6264.0,/var/aegir/platforms/scratchpads-2.10.1
ukcetcea.myspecies.info,ukcetceamyspec_0,157.140.2.164,3389.0,/var/aegir/platforms/scratchpads-2.10.1
cryptids.myspecies.info,cryptidsmyspec_0,157.140.2.171,6131.0,/var/aegir/platforms/scratchpads-2.10.1
nolinoideae.e-monocot.org,nolinoideaeemono,157.140.2.171,2163.0,/var/aegir/platforms/scratchpads-2.10.1
zjplant.myspecies.info,zjplantmyspecies,157.140.2.153,31038.0,/var/aegir/platforms/scratchpads-2.10.1
yunnanfern.myspecies.info,yunnanfernmyspec,157.140.2.171,31041.0,/var/aegir/platforms/scratchpads-2.10.1
squatlobsters.myspecies.info,squatlobstersmys,157.140.2.153,3733.0,/var/aegir/platforms/scratchpads-2.9.16
phoridae.myspecies.info,phoridaemyspec_0,157.140.2.171,2633.0,/var/aegir/platforms/scratchpads-2.10.1
penacova.myspecies.info,penacovamyspecie,157.140.2.171,43151.0,/var/aegir/platforms/scratchpads-2.10.1
algaevision.myspecies.info,algaevisionmyspe,157.140.2.171,4759.0,/var/aegir/platforms/scratchpads-2.10.1
antsme.myspecies.info,antsmemyspecie_0,157.140.2.171,16623.0,/var/aegir/platforms/scratchpads-2.10.1
floracostaricensis.myspecies.info,floracostaricens,157.140.2.153,1888.0,/var/aegir/platforms/scratchpads-2.10.1
polygonaceae.myspecies.info,polygonaceaemy_0,157.140.2.164,1960.0,/var/aegir/platforms/scratchpads-2.10.1
taxoncuration.myspecies.info,taxoncurationm_0,157.140.2.171,3249.0,/var/aegir/platforms/scratchpads-2.10.1
opisthostoma.myspecies.info,opisthostomamy_0,157.140.2.164,1720.0,/var/aegir/platforms/scratchpads-2.10.1
flatwormssmokys.myspecies.info,flatwormssmokysm,157.140.2.164,2733.0,/var/aegir/platforms/scratchpads-2.10.1
batrach.myspecies.info,batrachmyspecies,157.140.2.153,1115.0,/var/aegir/platforms/scratchpads-2.10.1
quercus.myspecies.info,quercusmyspeci_0,157.140.2.153,2657.0,/var/aegir/platforms/scratchpads-2.10.1
filichens.myspecies.info,filichensmyspeci,157.140.2.153,6297.0,/var/aegir/platforms/scratchpads-2.10.1
pterioidea.myspecies.info,pterioideamyspec,157.140.2.171,4014.0,/var/aegir/platforms/scratchpads-2.10.1
neasianflora.myspecies.info,neasianfloramysp,157.140.2.164,4647.0,/var/aegir/platforms/scratchpads-2.10.1
gramineaeuy.myspecies.info,gramineaeuymyspe,157.140.2.164,13047.0,/var/aegir/platforms/scratchpads-2.10.1
dzanga-sangha.myspecies.info,dzangasanghamysp,157.140.2.171,1592.0,/var/aegir/platforms/scratchpads-2.10.1
lichenvietnam.myspecies.info,lichenvietnammys,157.140.2.164,1167.0,/var/aegir/platforms/scratchpads-2.10.1
rbzs.myspecies.info,rbzsmyspeciesi_1,157.140.2.164,1131.0,/var/aegir/platforms/scratchpads-2.10.1
limulidae.myspecies.info,limulidaemyspeci,157.140.2.153,1564.0,/var/aegir/platforms/scratchpads-2.10.1
paussinae.myspecies.info,paussinaemyspe_0,157.140.2.153,2359.0,/var/aegir/platforms/scratchpads-2.10.1
african-fungi.myspecies.info,africanfungimy_0,157.140.2.153,3453.0,/var/aegir/platforms/scratchpads-2.10.1
inverts.info,invertsinfo,157.140.2.171,1932.0,/var/aegir/platforms/scratchpads-2.10.1
sphingidae.myspecies.info,sphingidaemysp_1,157.140.2.171,3825.0,/var/aegir/platforms/scratchpads-2.10.1
malaysiabutterflies.myspecies.info,malaysiabutter_0,157.140.2.153,1139.0,/var/aegir/platforms/scratchpads-2.10.1
eragrostideae.myspecies.info,eragrostideaemys,157.140.2.171,3301.0,/var/aegir/platforms/scratchpads-2.10.1
sihktiivalised.myspecies.info,sihktiivalised_0,157.140.2.153,2279.0,/var/aegir/platforms/scratchpads-2.10.1
challengerostracoda.myspecies.info,challengerostrac,157.140.2.153,3373.0,/var/aegir/platforms/scratchpads-2.10.1
korupplants.myspecies.info,korupplantsmyspe,157.140.2.153,3309.0,/var/aegir/platforms/scratchpads-2.10.1
petype.myspecies.info,petypemyspecie_0,157.140.2.171,4158.0,/var/aegir/platforms/scratchpads-2.10.1
ihs.myspecies.info,ihsmyspeciesinfo,157.140.2.164,1038.0,/var/aegir/platforms/scratchpads-2.10.1
lepidoptera.miza-ucv.org.ve,lepidopteramizau,157.140.2.164,4442.0,/var/aegir/platforms/scratchpads-2.10.1
oraphansungkajanttranon.myspecies.info,oraphansungkaj_0,157.140.2.153,2063.0,/var/aegir/platforms/scratchpads-2.10.1
taiwanseagrasses.myspecies.info,taiwanseagrass_0,157.140.2.153,3597.0,/var/aegir/platforms/scratchpads-2.10.1
lycaena.myspecies.info,lycaenamyspecies,157.140.2.171,3041.0,/var/aegir/platforms/scratchpads-2.10.1
ablepharuslit.myspecies.info,ablepharuslitm_0,157.140.2.164,3673.0,/var/aegir/platforms/scratchpads-2.9.16
africanamphibians.myspecies.info,africanamphibi_0,157.140.2.164,2833.0,/var/aegir/platforms/scratchpads-2.10.1
jemu.myspecies.info,jemumyspeciesi_1,157.140.2.153,1332.0,/var/aegir/platforms/scratchpads-2.10.1
woranart.myspecies.info,woranartmyspec_0,157.140.2.171,1436.0,/var/aegir/platforms/scratchpads-2.10.1
vc55myxomycetes.myspecies.info,vc55myxomycete_0,157.140.2.171,27023.0,/var/aegir/platforms/scratchpads-2.10.1
lmugent.myspecies.info,lmugentmyspecies,157.140.2.171,2435.0,/var/aegir/platforms/scratchpads-2.10.1
xyleborini.myspecies.info,xyleborinimysp_0,157.140.2.153,2621.0,/var/aegir/platforms/scratchpads-2.10.1
cicadellidae.myspecies.info,cicadellidaemysp,157.140.2.164,2043.0,/var/aegir/platforms/scratchpads-2.10.1
aristotlesplants.myspecies.info,aristotlesplan_0,157.140.2.153,9511.0,/var/aegir/platforms/scratchpads-2.10.1
aww.myspecies.info,awwmyspeciesinfo,157.140.2.153,2211.0,/var/aegir/platforms/scratchpads-2.10.1
phlebotominaenhmtypes.myspecies.info,phlebotominaen_0,157.140.2.164,4935.0,/var/aegir/platforms/scratchpads-2.10.1
indianladybirds.myspecies.info,indianladybirdsm,157.140.2.164,1600.0,/var/aegir/platforms/scratchpads-2.10.1
sealice.myspecies.info,sealicemyspeci_0,157.140.2.153,2391.0,/var/aegir/platforms/scratchpads-2.10.1
onobrysisviciifolia.myspecies.info,onobrysisvicii_0,157.140.2.153,2179.0,/var/aegir/platforms/scratchpads-2.10.1
icpc-congo.myspecies.info,icpccongomyspeci,157.140.2.153,4006.0,/var/aegir/platforms/scratchpads-2.10.1
commelinaceae.e-monocot.org,commelinaceaeemo,157.140.2.164,1744.0,/var/aegir/platforms/scratchpads-2.10.1
myrtaceae-chile.myspecies.info,myrtaceaechilemy,157.140.2.171,1280.0,/var/aegir/platforms/scratchpads-2.10.1
icelichen.myspecies.info,icelichenmyspeci,157.140.2.164,2095.0,/var/aegir/platforms/scratchpads-2.10.1
arthropoda.myspecies.info,arthropodamyspec,157.140.2.171,3269.0,/var/aegir/platforms/scratchpads-2.10.1
biodiversityunitcmru.myspecies.info,biodiversityunit,157.140.2.153,1616.0,/var/aegir/platforms/scratchpads-2.10.1
cenozoicforaminifera.com,cenozoicforamini,157.140.2.171,2613.0,/var/aegir/platforms/scratchpads-2.10.1
parmotrema.myspecies.info,parmotremamysp_0,157.140.2.153,3345.0,/var/aegir/platforms/scratchpads-2.10.1
aenictinaeurope.myspecies.info,aenictinaeurop_0,157.140.2.171,1328.0,/var/aegir/platforms/scratchpads-2.10.1
pleistocenekokemushi.myspecies.info,pleistocenekok_0,157.140.2.171,3861.0,/var/aegir/platforms/scratchpads-2.10.1
panamamolluscs.myspecies.info,panamamolluscsmy,157.140.2.164,4695.0,/var/aegir/platforms/scratchpads-2.10.1
florapicosdeeuropa.myspecies.info,florapicosdeeuro,157.140.2.164,2439.0,/var/aegir/platforms/scratchpads-2.10.1
bg-cicadidae.myspecies.info,bgcicadidaemyspe,157.140.2.164,1588.0,/var/aegir/platforms/scratchpads-2.10.1
mhp.myspecies.info,mhpmyspeciesin_1,157.140.2.164,3421.0,/var/aegir/platforms/scratchpads-2.10.1
britishpsyllids.myspecies.info,britishpsyllidsm,157.140.2.153,3849.0,/var/aegir/platforms/scratchpads-2.10.1
unified.myspecies.info,unifiedmyspeci_0,157.140.2.171,3997.0,/var/aegir/platforms/scratchpads-2.10.1
sulawesiferns.myspecies.info,sulawesifernsm_0,157.140.2.164,1876.0,/var/aegir/platforms/scratchpads-2.10.1
palms.myspecies.info,palmsmyspeciesin,157.140.2.153,1308.0,/var/aegir/platforms/scratchpads-2.10.1
stilbonematinae.myspecies.info,stilbonematina_0,157.140.2.171,4170.0,/var/aegir/platforms/scratchpads-2.10.1
lepidopteraofgibraltar.myspecies.info,lepidopteraofg_0,157.140.2.164,9516.0,/var/aegir/platforms/scratchpads-2.10.1
cicadidae.myspecies.info,cicadidaemyspeci,157.140.2.164,1384.0,/var/aegir/platforms/scratchpads-2.10.1
fossilinsects.net,fossilinsectsnet,157.140.2.171,6089.0,/var/aegir/platforms/scratchpads-2.9.17.1
lepidopteragr.myspecies.info,lepidopteragrmys,157.140.2.171,2047.0,/var/aegir/platforms/scratchpads-2.10.1
psl.myspecies.info,pslmyspeciesinfo,157.140.2.164,1444.0,/var/aegir/platforms/scratchpads-2.10.1
wpmutillidae.myspecies.info,wpmutillidaemysp,157.140.2.171,16641.0,/var/aegir/platforms/scratchpads-2.10.1
yothai.myspecies.info,yothaimyspecie_0,157.140.2.153,4631.0,/var/aegir/platforms/scratchpads-2.10.1
urostylididae.myspecies.info,urostylididaem_0,157.140.2.164,1628.0,/var/aegir/platforms/scratchpads-2.10.1
derris.myspecies.info,derrismyspeciesi,157.140.2.164,3637.0,/var/aegir/platforms/scratchpads-2.10.1
hortus.myspecies.info,hortusmyspeciesi,157.140.2.164,6067.0,/var/aegir/platforms/scratchpads-2.10.1
truchasmexicanas.myspecies.info,truchasmexicanas,157.140.2.164,2953.0,/var/aegir/platforms/scratchpads-2.10.1
tenebphylo.myspecies.info,tenebphylomysp_0,157.140.2.164,3145.0,/var/aegir/platforms/scratchpads-2.10.1
sciomyzidae.myspecies.info,sciomyzidaemys_0,157.140.2.164,4058.0,/var/aegir/platforms/scratchpads-2.10.1
acianthinae.myspecies.info,acianthinaemyspe,157.140.2.153,2235.0,/var/aegir/platforms/scratchpads-2.10.1
babotanica.myspecies.info,babotanicamyspec,157.140.2.171,3857.0,/var/aegir/platforms/scratchpads-2.10.1
lnhsgallcollection.myspecies.info,lnhsgallcollec_0,157.140.2.153,16659.0,/var/aegir/platforms/scratchpads-2.10.1
nz-hymenoptera.myspecies.info,nzhymenopteramys,157.140.2.164,1203.0,/var/aegir/platforms/scratchpads-2.10.1
saotomeprincipe.myspecies.info,saotomeprincip_0,157.140.2.153,6143.0,/var/aegir/platforms/scratchpads-2.10.1
greekants.myspecies.info,greekantsmyspeci,157.140.2.153,1680.0,/var/aegir/platforms/scratchpads-2.10.1
emollusks.myspecies.info,emollusksmyspeci,157.140.2.153,2451.0,/var/aegir/platforms/scratchpads-2.10.1
chalcidoidea.myspecies.info,chalcidoideamysp,157.140.2.153,3257.0,/var/aegir/platforms/scratchpads-2.10.1
synthesys3.myspecies.info,synthesys3mysp_0,157.140.2.171,2969.0,/var/aegir/platforms/scratchpads-2.10.1
ciliate.myspecies.info,ciliatemyspecies,157.140.2.153,2873.0,/var/aegir/platforms/scratchpads-2.10.1
southafricanaquaticecosystems.myspecies.info,southafricanaq_0,157.140.2.164,2475.0,/var/aegir/platforms/scratchpads-2.10.1
holarctic.ostracoda.net,holarcticostraco,157.140.2.153,1984.0,/var/aegir/platforms/scratchpads-2.10.1
aconitum.myspecies.info,aconitummyspec_1,157.140.2.164,4010.0,/var/aegir/platforms/scratchpads-2.9.17.1
papyrus.myspecies.info,papyrusmyspeci_0,157.140.2.164,3889.0,/var/aegir/platforms/scratchpads-2.10.1
collectionsforall.myspecies.info,collectionsforal,157.140.2.153,2263.0,/var/aegir/platforms/scratchpads-2.10.1
medicinal-plant.myspecies.info,medicinalplantmy,157.140.2.164,3409.0,/var/aegir/platforms/scratchpads-2.10.1
rumrada.myspecies.info,rumradamyspeci_0,157.140.2.164,3869.0,/var/aegir/platforms/scratchpads-2.10.1
phasmid-study-group.org,phasmidstudygr_0,157.140.2.164,1055.0,/var/aegir/platforms/scratchpads-2.10.1
mantodea.myspecies.info,mantodeamyspecie,157.140.2.164,3353.0,/var/aegir/platforms/scratchpads-2.10.1
landscaping.myspecies.info-2022-06-22,landscapingmyspe,157.140.2.153,,
gadus.myspecies.info,gadusmyspeciesin,157.140.2.164,6128.0,/var/aegir/platforms/scratchpads-rob-email
truebugs.myspecies.info,truebugsmyspec_0,157.140.2.153,1940.0,/var/aegir/platforms/scratchpads-2.10.1
mastersep.myspecies.info,mastersepmyspeci,157.140.2.153,1272.0,/var/aegir/platforms/scratchpads-2.10.1
rareguam.myspecies.info,rareguammyspec_0,157.140.2.171,1556.0,/var/aegir/platforms/scratchpads-2.10.1
nhmnematodes.myspecies.info,nhmnematodesmysp,157.140.2.164,1087.0,/var/aegir/platforms/scratchpads-2.10.1
fossilcrustaceadb.myspecies.info,fossilcrustacead,157.140.2.153,3193.0,/var/aegir/platforms/scratchpads-2.10.1
northeastflora.myspecies.info,northeastfloramy,157.140.2.164,1488.0,/var/aegir/platforms/scratchpads-2.10.1
legumes-singapore.myspecies.info,legumessingapore,157.140.2.164,4607.0,/var/aegir/platforms/scratchpads-2.10.1
neotropicalcicadellidae.myspecies.info,neotropicalcicad,157.140.2.164,2745.0,/var/aegir/platforms/scratchpads-2.10.1
worachat.myspecies.info,worachatmyspec_0,157.140.2.164,2363.0,/var/aegir/platforms/scratchpads-2.10.1
staging.myspecies.info,stagingmyspecies,157.140.2.164,22789.0,/var/aegir/platforms/scratchpads-2.10.1
poaceae.e-monocot.org,poaceaeemonoco_0,157.140.2.171,3689.0,/var/aegir/platforms/scratchpads-2.10.1
orthalicoidea.myspecies.info,orthalicoideamys,157.140.2.171,3165.0,/var/aegir/platforms/scratchpads-2.10.1
newworldcarabidae.myspecies.info,newworldcarabida,157.140.2.153,1788.0,/var/aegir/platforms/scratchpads-2.10.1
darwin.myspecies.info,darwinmyspeciesi,157.140.2.153,2303.0,/var/aegir/platforms/scratchpads-2.10.1
maesa.e-monocot.org,maesaemonocotorg,157.140.2.171,3273.0,/var/aegir/platforms/scratchpads-2.10.1
twlep.myspecies.info,twlepmyspecies_0,157.140.2.153,3537.0,/var/aegir/platforms/scratchpads-2.10.1
aeridinae.e-monocot.org,aeridinaeemono_0,157.140.2.171,1267.0,/var/aegir/platforms/scratchpads-2.10.1
africanfreshwater.org,africanfreshwate,157.140.2.153,5047.0,/var/aegir/platforms/scratchpads-2.10.1
anolislizards.myspecies.info,anolislizardsmys,157.140.2.153,3201.0,/var/aegir/platforms/scratchpads-2.10.1
mrp.myspecies.info,mrpmyspeciesin_0,157.140.2.171,4122.0,/var/aegir/platforms/scratchpads-2.10.1
kinmen-minefield.myspecies.info,kinmenminefieldm,157.140.2.153,3117.0,/var/aegir/platforms/scratchpads-2.10.1
orchid.myspecies.info,orchidmyspecie_0,157.140.2.164,1944.0,/var/aegir/platforms/scratchpads-2.10.1
figweb.myspecies.info,figwebmyspeciesi,157.140.2.171,2295.0,/var/aegir/platforms/scratchpads-2.10.1
andropogoneae.myspecies.info,andropogoneaemys,157.140.2.171,4290.0,/var/aegir/platforms/scratchpads-2.10.1
corals.cordioea.info,coralscordioeain,157.140.2.171,2537.0,/var/aegir/platforms/scratchpads-2.10.1
wallacefund.myspecies.info,wallacefundmys_0,157.140.2.164,3469.0,/var/aegir/platforms/scratchpads-2.10.1
britishfleas.myspecies.info,britishfleasmysp,157.140.2.171,4663.0,/var/aegir/platforms/scratchpads-2.10.1
mosquito-taxonomic-inventory.info,mosquitotaxono_0,157.140.2.164,4947.0,/var/aegir/platforms/scratchpads-2.10.1
hip-db.myspecies.info,hipdbmyspeciesin,157.140.2.164,2869.0,/var/aegir/platforms/scratchpads-2.10.1
formicidae-bg.myspecies.info,formicidaebgmy_0,157.140.2.164,2533.0,/var/aegir/platforms/scratchpads-2.10.1
teloganodidae.myspecies.info,teloganodidaem_0,157.140.2.153,2829.0,/var/aegir/platforms/scratchpads-2.10.1
pelagics.myspecies.info,pelagicsmyspec_0,157.140.2.153,3573.0,/var/aegir/platforms/scratchpads-2.10.1
scarabindia.myspecies.info,scarabindiamys_0,157.140.2.164,4635.0,/var/aegir/platforms/scratchpads-2.10.1
solariellidae.myspecies.info,solariellidaem_0,157.140.2.171,2223.0,/var/aegir/platforms/scratchpads-2.10.1
echinosteliales.myspecies.info,echinostelialesm,157.140.2.171,2195.0,/var/aegir/platforms/scratchpads-2.10.1
abrusinthailand.myspecies.info,abrusinthailandm,157.140.2.171,4571.0,/var/aegir/platforms/scratchpads-2.10.1
smilacaceae.e-monocot.org,smilacaceaeemo_0,157.140.2.153,3333.0,/var/aegir/platforms/scratchpads-2.10.1
polycladida.myspecies.info,polycladidamys_0,157.140.2.153,1584.0,/var/aegir/platforms/scratchpads-2.10.1
curcumathailand.myspecies.info,curcumathailandm,157.140.2.153,3017.0,/var/aegir/platforms/scratchpads-2.10.1
myrtaceae.myspecies.info,myrtaceaemyspeci,157.140.2.164,1263.0,/var/aegir/platforms/scratchpads-2.10.1
weevil.info,weevilinfo_0,157.140.2.171,1668.0,/var/aegir/platforms/scratchpads-2.10.1
invasive.myspecies.info,invasivemyspecie,157.140.2.171,3149.0,/var/aegir/platforms/scratchpads-2.10.1
syrphidaecolombia.myspecies.info,syrphidaecolom_0,157.140.2.171,3465.0,/var/aegir/platforms/scratchpads-2.10.1
cypridinidae.myspecies.info,cypridinidaemysp,157.140.2.153,3713.0,/var/aegir/platforms/scratchpads-2.10.1
scratchpads.eu,scratchpadseu,157.140.2.153,1018.0,/var/aegir/platforms/scratchpads_eu
smithsonianorchids.myspecies.info,smithsonianorc_0,157.140.2.153,1392.0,/var/aegir/platforms/scratchpads-2.10.1
mbgl-algae.myspecies.info,mbglalgaemyspe_0,157.140.2.171,9641.0,/var/aegir/platforms/scratchpads-2.10.1
agromyzid.myspecies.info,agromyzidmyspeci,157.140.2.164,3617.0,/var/aegir/platforms/scratchpads-2.10.1
legumninosae.myspecies.info,legumninosaemysp,157.140.2.164,4603.0,/var/aegir/platforms/scratchpads-2.10.1
hortus2.myspecies.info,hortus2myspecies,157.140.2.171,6074.0,/var/aegir/platforms/scratchpads-2.10.1
omanflora.myspecies.info,omanfloramyspeci,157.140.2.171,1740.0,/var/aegir/platforms/scratchpads-2.10.1
lysianassidae.myspecies.info,lysianassidaemys,157.140.2.153,2455.0,/var/aegir/platforms/scratchpads-2.10.1
gparvifloraquadriradiata.myspecies.info,gparvifloraquadr,157.140.2.153,3525.0,/var/aegir/platforms/scratchpads-2.10.1
poissongabon.info,poissongabonin_0,157.140.2.171,2985.0,/var/aegir/platforms/scratchpads-2.10.1
buccinids.myspecies.info,buccinidsmyspeci,157.140.2.153,3789.0,/var/aegir/platforms/scratchpads-2.10.1
hypericum.myspecies.info,hypericummyspeci,157.140.2.171,2781.0,/var/aegir/platforms/scratchpads-2.10.1
ircn-bc.myspecies.info,ircnbcmyspeciesi,157.140.2.164,2171.0,/var/aegir/platforms/scratchpads-2.10.1
blattodea-culture-group.org,blattodeaculture,157.140.2.171,1207.0,/var/aegir/platforms/scratchpads-2.10.1
seargentina.myspecies.info,seargentinamys_0,157.140.2.171,1135.0,/var/aegir/platforms/scratchpads-2.10.1
www.nautiloidea.cz,nautiloideacz_0,157.140.2.171,2187.0,/var/aegir/platforms/scratchpads-2.10.1
bogidiellids.myspecies.info,bogidiellidsmysp,157.140.2.164,4803.0,/var/aegir/platforms/scratchpads-2.10.1
nepticuloidea2.info,,,,
mollusca.myspecies.info,molluscamyspec_0,157.140.2.171,4110.0,/var/aegir/platforms/scratchpads-2.10.1
plantdiversityofphufah.myspecies.info,plantdiversity_0,157.140.2.171,2685.0,/var/aegir/platforms/scratchpads-2.10.1
pacleps.myspecies.info,paclepsmyspecies,157.140.2.153,3981.0,/var/aegir/platforms/scratchpads-2.10.1
dioscoreaceae.e-monocot.org,dioscoreaceaee_0,157.140.2.171,1816.0,/var/aegir/platforms/scratchpads-2.10.1
conservation.myspecies.info,conservationmysp,157.140.2.153,3417.0,/var/aegir/platforms/scratchpads-2.10.1
chrysomelidae.miza-ucv.org.ve,chrysomelidaem_0,157.140.2.171,4214.0,/var/aegir/platforms/scratchpads-2.10.1
apocynaceae.myspecies.info,apocynaceaemyspe,157.140.2.171,3393.0,/var/aegir/platforms/scratchpads-2.10.1
malpighiales.myspecies.info,malpighialesmysp,157.140.2.164,3805.0,/var/aegir/platforms/scratchpads-2.10.1
biotalent.myspecies.info,biotalentmyspeci,157.140.2.171,4747.0,/var/aegir/platforms/scratchpads-2.10.1
continenticola.myspecies.info,continenticolamy,157.140.2.164,2087.0,/var/aegir/platforms/scratchpads-2.10.1
euscorpita.myspecies.info,euscorpitamyspec,157.140.2.171,2665.0,/var/aegir/platforms/scratchpads-2.10.1
pericallisrevision.myspecies.info,pericallisrevi_0,157.140.2.153,3785.0,/var/aegir/platforms/scratchpads-2.10.1
lecythidaceae.myspecies.info,lecythidaceaemys,157.140.2.153,1476.0,/var/aegir/platforms/scratchpads-2.10.1
tephrosia.myspecies.info,tephrosiamyspe_0,157.140.2.153,3501.0,/var/aegir/platforms/scratchpads-2.10.1
scatopsoidea.myspecies.info,scatopsoideamy_0,157.140.2.153,2491.0,/var/aegir/platforms/scratchpads-2.10.1
sacoglossa.myspecies.info,sacoglossamysp_0,157.140.2.153,1660.0,/var/aegir/platforms/scratchpads-2.10.1
nagoyaprotocol.myspecies.info,nagoyaprotocolmy,157.140.2.171,4498.0,/var/aegir/platforms/scratchpads-2.10.1
tien-shan.myspecies.info,tienshanmyspec_0,157.140.2.164,4474.0,/var/aegir/platforms/scratchpads-2.10.1
sandbox.scratchpads.eu,,,,
clcdb2.myspecies.info,clcdb2myspeciesi,157.140.2.153,4723.0,/var/aegir/platforms/scratchpads-2.10.1
nmstypes.myspecies.info,nmstypesmyspecie,157.140.2.164,2075.0,/var/aegir/platforms/scratchpads-2.10.1
nantiyaag.myspecies.info,nantiyaagmyspeci,157.140.2.153,2805.0,/var/aegir/platforms/scratchpads-2.10.1
alice.myspecies.info,alicemyspeciesin,157.140.2.164,2008.0,/var/aegir/platforms/scratchpads-2.10.1
efiru.myspecies.info,efirumyspecies_0,157.140.2.153,29887.0,/var/aegir/platforms/scratchpads-2.10.1
host-parasite.myspecies.info,hostparasitemy_1,157.140.2.164,9504.0,/var/aegir/platforms/scratchpads-2.10.1
dolichopodidae.myspecies.info,dolichopodidae_1,157.140.2.171,3549.0,/var/aegir/platforms/scratchpads-2.10.1
macrostomorpha.info,macrostomorpha_0,157.140.2.171,1692.0,/var/aegir/platforms/scratchpads-2.10.1
ethnobotanyandtraditionalmedicine.myspecies.info,ethnobotanyandtr,157.140.2.171,3197.0,/var/aegir/platforms/scratchpads-2.10.1
solanaceaesource.org,solanaceaesour_0,157.140.2.164,6113.0,/var/aegir/platforms/scratchpads-2.9.17.1
fairyshrimp.myspecies.info,fairyshrimpmys_1,157.140.2.171,4599.0,/var/aegir/platforms/scratchpads-2.10.1
apotheca.myspecies.info,apothecamyspecie,157.140.2.153,3649.0,/var/aegir/platforms/scratchpads-2.10.1
inforbiomares.myspecies.info,inforbiomaresmys,157.140.2.153,16835.0,/var/aegir/platforms/scratchpads-2.10.1
southernmagnolias.myspecies.info,southernmagnol_0,157.140.2.171,1852.0,/var/aegir/platforms/scratchpads-2.10.1
cephbase.eol.org,cephbaseeolorg_0,157.140.2.164,2243.0,/var/aegir/platforms/scratchpads-2.10.1
ostracodaiceland.myspecies.info,ostracodaiceland,157.140.2.171,1712.0,/var/aegir/platforms/scratchpads-2.10.1
iberiancavefauna.myspecies.info,iberiancavefauna,157.140.2.153,3357.0,/var/aegir/platforms/scratchpads-2.10.1
heteroptera.myspecies.info,heteropteramyspe,157.140.2.164,1936.0,/var/aegir/platforms/scratchpads-2.10.1
acanthocephala.myspecies.info,acanthocephala_1,157.140.2.164,1648.0,/var/aegir/platforms/scratchpads-2.10.1
lissotes.myspecies.info,lissotesmyspecie,157.140.2.171,3725.0,/var/aegir/platforms/scratchpads-2.10.1
pnwlepturines.myspecies.info,pnwlepturinesm_0,157.140.2.164,1792.0,/var/aegir/platforms/scratchpads-2.10.1
ukrlichenicolous.myspecies.info,ukrlichenicolous,157.140.2.153,31044.0,/var/aegir/platforms/scratchpads-2.10.1
anthophila.myspecies.info,anthophilamyspec,157.140.2.171,43090.0,/var/aegir/platforms/scratchpads-2.10.1
crisiidae.myspecies.info,crisiidaemyspeci,157.140.2.164,1672.0,/var/aegir/platforms/scratchpads-2.10.1
mlh.myspecies.info,mlhmyspeciesinfo,157.140.2.164,31112.0,/var/aegir/platforms/scratchpads-2.10.1
eurybia.myspecies.info,eurybiamyspecies,157.140.2.153,3753.0,/var/aegir/platforms/scratchpads-2.10.1
plummersislandcarabidae.myspecies.info,plummersisland_0,157.140.2.164,2845.0,/var/aegir/platforms/scratchpads-2.10.1
ampullariidae.myspecies.info,ampullariidaemys,157.140.2.164,3049.0,/var/aegir/platforms/scratchpads-2.10.1
eriocaulaceaethailand.myspecies.info,eriocaulaceaetha,157.140.2.171,2777.0,/var/aegir/platforms/scratchpads-2.10.1
drosophilidae.myspecies.info,drosophilidaemys,157.140.2.153,4202.0,/var/aegir/platforms/scratchpads-2.10.1
indiareeffishes.myspecies.info,indiareeffishesm,157.140.2.171,3521.0,/var/aegir/platforms/scratchpads-2.10.1
agromyzidae.myspecies.info,agromyzidaemys_0,157.140.2.171,16616.0,/var/aegir/platforms/scratchpads-2.10.1
salticidaeuy.myspecies.info,salticidaeuymy_0,157.140.2.164,13032.0,/var/aegir/platforms/scratchpads-2.10.1
medicinalplants.myspecies.info,medicinalplantsm,157.140.2.153,2487.0,/var/aegir/platforms/scratchpads-2.10.1
archaeognatha.myspecies.info,archaeognathamys,157.140.2.164,2689.0,/var/aegir/platforms/scratchpads-2.10.1
strumigenys.myspecies.info,strumigenysmys_0,157.140.2.171,22614.0,/var/aegir/platforms/scratchpads-2.10.1
isoetes.myspecies.info,isoetesmyspecies,157.140.2.164,3705.0,/var/aegir/platforms/scratchpads-2.10.1
finlandoribatida.myspecies.info,finlandoribatida,157.140.2.171,1456.0,/var/aegir/platforms/scratchpads-2.10.1
costaricaninverts.info,costaricaninvert,157.140.2.171,3909.0,/var/aegir/platforms/scratchpads-2.10.1
nepticuloidea5.myspecies.info,nepticuloidea5my,157.140.2.164,4731.0,/var/aegir/platforms/scratchpads-2.10.1
bormene.myspecies.info,bormenemyspecies,157.140.2.164,2327.0,/var/aegir/platforms/scratchpads-2.10.1
ecuherb.myspecies.info,ecuherbmyspecies,157.140.2.153,1284.0,/var/aegir/platforms/scratchpads-2.10.1
coreoidea.myspecies.info,coreoideamyspeci,157.140.2.153,2997.0,/var/aegir/platforms/scratchpads-2.10.1
aphodiinae.myspecies.info,aphodiinaemyspec,157.140.2.171,2143.0,/var/aegir/platforms/scratchpads-2.10.1
alismataceae.e-monocot.org,alismataceaeemon,157.140.2.164,1912.0,/var/aegir/platforms/scratchpads-2.10.1
seahorse.myspecies.info,seahorsemyspec_0,157.140.2.164,2857.0,/var/aegir/platforms/scratchpads-2.10.1
nocturnalichs.myspecies.info,nocturnalichsmys,157.140.2.153,3473.0,/var/aegir/platforms/scratchpads-2.10.1
songkhla-limestone-herbs.myspecies.info,songkhlalimest_0,157.140.2.164,4623.0,/var/aegir/platforms/scratchpads-2.10.1
lamiaceae.myspecies.info,lamiaceaemyspeci,157.140.2.153,1624.0,/var/aegir/platforms/scratchpads-2.10.1
ethoikos.myspecies.info,ethoikosmyspecie,157.140.2.164,1684.0,/var/aegir/platforms/scratchpads-2.10.1
ubsc.myspecies.info,ubscmyspeciesi_0,157.140.2.164,3481.0,/var/aegir/platforms/scratchpads-2.10.1
antkey.org,antkeyorg,157.140.2.153,6079.0,/var/aegir/platforms/scratchpads-2.10.1
sipuncula.myspecies.info,sipunculamyspe_0,157.140.2.171,1800.0,/var/aegir/platforms/scratchpads-2.10.1
hawaiilandsnails.myspecies.info,hawaiilandsnails,157.140.2.171,3437.0,/var/aegir/platforms/scratchpads-2.10.1
opisthobranchia.myspecies.info,opisthobranchi_0,157.140.2.153,2961.0,/var/aegir/platforms/scratchpads-2.10.1
scathophagidae.myspecies.info,scathophagidae_0,157.140.2.171,1728.0,/var/aegir/platforms/scratchpads-2.10.1
physalia.myspecies.info,physaliamyspec_0,157.140.2.164,1768.0,/var/aegir/platforms/scratchpads-2.10.1
insectafgseag.myspecies.info,insectafgseagmys,157.140.2.171,1844.0,/var/aegir/platforms/scratchpads-2.10.1
earthworms.myspecies.info,earthwormsmyspec,157.140.2.171,3233.0,/var/aegir/platforms/scratchpads-2.10.1
insectireland.myspecies.info,insectirelandmys,157.140.2.153,1127.0,/var/aegir/platforms/scratchpads-2.10.1
flora.myspecies.info,floramyspeciesin,157.140.2.164,4366.0,/var/aegir/platforms/scratchpads-2.10.1
icgf.myspecies.info,icgfmyspeciesi_1,157.140.2.164,6093.0,/var/aegir/platforms/scratchpads-2.10.1
giasipartnership.myspecies.info,giasipartnersh_1,157.140.2.164,16620.0,/var/aegir/platforms/scratchpads-2.10.1
thai-freshwater-sponges.myspecies.info,thaifreshwatersp,157.140.2.171,4639.0,/var/aegir/platforms/scratchpads-2.10.1
gab.myspecies.info,gabmyspeciesinfo,157.140.2.171,3605.0,/var/aegir/platforms/scratchpads-2.10.1
acoela.myspecies.info,acoelamyspecie_3,157.140.2.153,1820.0,/var/aegir/platforms/scratchpads-2.10.1
syrphidae.myspecies.info,syrphidaemyspe_0,157.140.2.153,2407.0,/var/aegir/platforms/scratchpads-2.10.1
cinnamomum.myspecies.info,cinnamomummyspec,157.140.2.171,1724.0,/var/aegir/platforms/scratchpads-2.10.1
neotropical-pollination.myspecies.info,neotropicalpolli,157.140.2.164,1996.0,/var/aegir/platforms/scratchpads-2.10.1
florakorea.myspecies.info,florakoreamyspec,157.140.2.164,2219.0,/var/aegir/platforms/scratchpads-2.10.1
my-lepidoptera12.myspecies.info,mylepidoptera12m,157.140.2.153,4410.0,/var/aegir/platforms/scratchpads-2.10.1
fernswa.myspecies.info,fernswamyspecies,157.140.2.171,2729.0,/var/aegir/platforms/scratchpads-2.10.1
evanioidea.myspecies.info,evanioideamyspec,157.140.2.153,43121.0,/var/aegir/platforms/scratchpads-2.10.1
olivirv.myspecies.info,olivirvmyspecies,157.140.2.153,1171.0,/var/aegir/platforms/scratchpads-2.9.17.1
caterpillars.myspecies.info,caterpillarsmysp,157.140.2.171,3137.0,/var/aegir/platforms/scratchpads-2.10.1
htc.myspecies.info,htcmyspeciesinfo,157.140.2.164,1336.0,/var/aegir/platforms/scratchpads-2.10.1
illinoismantids.myspecies.info,illinoismantidsm,157.140.2.153,3109.0,/var/aegir/platforms/scratchpads-2.10.1
ukbsc.info,ukbscinfo_0,157.140.2.171,2031.0,/var/aegir/platforms/scratchpads-2.10.1
c4cscience.myspecies.info,c4csciencemyspec,157.140.2.171,4735.0,/var/aegir/platforms/scratchpads-2.10.1
echinoderms.myspecies.info,echinodermsmyspe,157.140.2.171,2471.0,/var/aegir/platforms/scratchpads-2.10.1
citesbulbs.myspecies.info,citesbulbsmyspec,157.140.2.164,2051.0,/var/aegir/platforms/scratchpads-2.10.1
hosts.myspecies.info,hostsmyspecies_1,157.140.2.171,4807.0,/var/aegir/platforms/scratchpads-2.10.1
euphorbia.myspecies.info,euphorbiamyspe_0,157.140.2.171,22628.0,/var/aegir/platforms/scratchpads-2.10.1
baskinsecta.myspecies.info,baskinsectamyspe,157.140.2.171,4050.0,/var/aegir/platforms/scratchpads-2.10.1
phasmida.myspecies.info,phasmidamyspec_0,157.140.2.171,4550.0,/var/aegir/platforms/scratchpads-2.10.1
pheidole.myspecies.info,pheidolemyspec_0,157.140.2.164,1046.0,/var/aegir/platforms/scratchpads-2.10.1
coleoptera-bulgaria.myspecies.info,coleopterabulgar,157.140.2.164,6294.0,/var/aegir/platforms/scratchpads-2.10.1
cholevidae.myspecies.info,cholevidaemyspec,157.140.2.171,3593.0,/var/aegir/platforms/scratchpads-2.10.1
westpalbees.myspecies.info,westpalbeesmys_0,157.140.2.171,3977.0,/var/aegir/platforms/scratchpads-2.10.1
thailandsapria.myspecies.info,thailandsapria_0,157.140.2.171,2933.0,/var/aegir/platforms/scratchpads-2.10.1
katydidsfrombrazil.myspecies.info,katydidsfrombraz,157.140.2.171,1976.0,/var/aegir/platforms/scratchpads-2.10.1
acrocephalus.vaibla.net,acrocephalusva_0,157.140.2.153,4078.0,/var/aegir/platforms/scratchpads-2.10.1
ebrachiopoda.myspecies.info,ebrachiopodamysp,157.140.2.164,3745.0,/var/aegir/platforms/scratchpads-2.10.1
orapainsects.myspecies.info,orapainsectsmy_0,157.140.2.171,6291.0,/var/aegir/platforms/scratchpads-2.10.1
choreutidae.myspecies.info,choreutidaemyspe,157.140.2.164,3457.0,/var/aegir/platforms/scratchpads-2.10.1
alkcarb.myspecies.info,alkcarbmyspecies,157.140.2.164,4671.0,/var/aegir/platforms/scratchpadsmaster
floraofsaudiarabia.myspecies.info,floraofsaudiarab,157.140.2.153,6215.0,/var/aegir/platforms/scratchpads-2.10.1
soostracoda.myspecies.info,soostracodamys_0,157.140.2.171,3425.0,/var/aegir/platforms/scratchpads-2.10.1
seamphipods.myspecies.info,seamphipodsmys_0,157.140.2.164,4022.0,/var/aegir/platforms/scratchpads-2.10.1
peracarida.myspecies.info,peracaridamysp_0,157.140.2.153,3101.0,/var/aegir/platforms/scratchpads-2.10.1
fungi.myspecies.info,fungimyspecies_0,157.140.2.153,3585.0,/var/aegir/platforms/scratchpads-2.10.1
post.myspecies.info,postmyspeciesi_0,157.140.2.153,3293.0,/var/aegir/platforms/scratchpads-2.10.1
leptogastrinae.myspecies.info,leptogastrinaemy,157.140.2.171,1560.0,/var/aegir/platforms/scratchpads-2.10.1
saveauroraetna.myspecies.info,saveauroraetna_0,157.140.2.164,2351.0,/var/aegir/platforms/scratchpads-2.10.1
liquensbr.myspecies.info,liquensbrmyspeci,157.140.2.164,1071.0,/var/aegir/platforms/scratchpads-2.10.1
plantheritage.myspecies.info,plantheritagem_0,157.140.2.164,1191.0,/var/aegir/platforms/scratchpads-2.10.1
echinoderms.lifedesks.org,echinodermslifed,157.140.2.164,1276.0,/var/aegir/platforms/scratchpads-2.10.1
gentianaceae.myspecies.info,gentianaceaemysp,157.140.2.153,1908.0,/var/aegir/platforms/scratchpads-2.10.1
bombus-bg.myspecies.info,bombusbgmyspec_0,157.140.2.171,9507.0,/var/aegir/platforms/scratchpads-2.10.1
lomandroideae.e-monocot.org,lomandroideaeemo,157.140.2.153,2023.0,/var/aegir/platforms/scratchpads-2.10.1
doryctinaekey.myspecies.info,doryctinaekeym_1,157.140.2.171,2379.0,/var/aegir/platforms/scratchpads-2.10.1
cyanobacteria.myspecies.info,cyanobacteriamys,157.140.2.164,3253.0,/var/aegir/platforms/scratchpads-2.10.1
psylloidea-bg.myspecies.info,psylloideabgmy_0,157.140.2.153,4783.0,/var/aegir/platforms/scratchpads-2.10.1
thymus.myspecies.info,thymusmyspecie_0,157.140.2.171,2319.0,/var/aegir/platforms/scratchpads-2.10.1
proctotrupidae.myspecies.info,proctotrupidaemy,157.140.2.171,1980.0,/var/aegir/platforms/scratchpads-2.10.1
floraofthailand.myspecies.info,floraofthailandm,157.140.2.171,1159.0,/var/aegir/platforms/scratchpads-2.10.1
twflowers.myspecies.info,twflowersmyspe_0,157.140.2.171,3381.0,/var/aegir/platforms/scratchpads-2.10.1
zootaxa.info,zootaxainfo_0,157.140.2.164,3721.0,/var/aegir/platforms/scratchpads-2.10.1
neotropnathistory.myspecies.info,neotropnathistor,157.140.2.153,1364.0,/var/aegir/platforms/scratchpads-2.10.1
pipunculidae.myspecies.info,pipunculidaemy_0,157.140.2.153,1320.0,/var/aegir/platforms/scratchpads-2.10.1
speleobiology.myspecies.info,speleobiologym_0,157.140.2.171,3237.0,/var/aegir/platforms/scratchpads-2.10.1
juncaginaceae.myspecies.info,juncaginaceaemys,157.140.2.164,2375.0,/var/aegir/platforms/scratchpads-2.10.1
deep-reef-sponges.myspecies.info,deepreefspongesm,157.140.2.153,3513.0,/var/aegir/platforms/scratchpads-2.10.1
deepseaoctocoral.myspecies.info,deepseaoctocoral,157.140.2.171,1480.0,/var/aegir/platforms/scratchpads-2.10.1
spiderworts.myspecies.info,spiderwortsmys_0,157.140.2.153,2769.0,/var/aegir/platforms/scratchpads-2.10.1
agelenidsoftheworld.myspecies.info,agelenidsofthewo,157.140.2.171,2479.0,/var/aegir/platforms/scratchpads-2.10.1
syrrhophus.myspecies.info,syrrhophusmysp_0,157.140.2.164,1524.0,/var/aegir/platforms/scratchpads-2.10.1
challenger.myspecies.info,challengermyspec,157.140.2.171,2247.0,/var/aegir/platforms/scratchpads-2.10.1
grammitids.myspecies.info,grammitidsmyspec,157.140.2.171,2681.0,/var/aegir/platforms/scratchpads-2.10.1
bryophytes.myspecies.info,bryophytesmyspec,157.140.2.171,2443.0,/var/aegir/platforms/scratchpads-2.10.1
e-flora.myspecies.info,efloramyspeciesi,157.140.2.164,3665.0,/var/aegir/platforms/scratchpads-2.10.1
cabombaceae.myspecies.info,cabombaceaemyspe,157.140.2.164,1612.0,/var/aegir/platforms/scratchpads-2.10.1
cicadas.myspecies.info,cicadasmyspecies,157.140.2.164,2773.0,/var/aegir/platforms/scratchpads-2.10.1
lentibulariaceae.myspecies.info,lentibulariace_0,157.140.2.171,29890.0,/var/aegir/platforms/scratchpads-2.10.1
passifloraceae.myspecies.info,passifloraceae_0,157.140.2.153,6225.0,/var/aegir/platforms/scratchpads-2.10.1
itaxa.myspecies.info,itaxamyspeciesin,157.140.2.153,2339.0,/var/aegir/platforms/scratchpads-2.10.1
odonatas.myspecies.info,odonatasmyspecie,157.140.2.153,2937.0,/var/aegir/platforms/scratchpads-2.10.1
formicidae.myspecies.info,formicidaemyspec,157.140.2.171,2913.0,/var/aegir/platforms/scratchpads-2.10.1
lixini.myspecies.info,lixinimyspeciesi,157.140.2.164,3901.0,/var/aegir/platforms/scratchpads-2.10.1
juncaceae.e-monocot.org,juncaceaeemonoco,157.140.2.153,1808.0,/var/aegir/platforms/scratchpads-2.10.1
afribats.myspecies.info,afribatsmyspec_0,157.140.2.171,2697.0,/var/aegir/platforms/scratchpads-2.10.1
sarcophagidae.myspecies.info,sarcophagidaem_0,157.140.2.171,3813.0,/var/aegir/platforms/scratchpads-2.10.1
pui19.myspecies.info,pui19myspecies_0,157.140.2.153,3477.0,/var/aegir/platforms/scratchpads-2.10.1
scarabaeinae.myspecies.info,scarabaeinaemy_0,157.140.2.171,3641.0,/var/aegir/platforms/scratchpads-2.10.1
greatbarrierreefbryozoa.myspecies.info,greatbarrierreef,157.140.2.153,3057.0,/var/aegir/platforms/scratchpads-2.10.1
typhaceae.e-monocot.org,typhaceaeemono_0,157.140.2.171,3005.0,/var/aegir/platforms/scratchpads-2.10.1
xianhuflora.myspecies.info,xianhufloramys_0,157.140.2.164,3589.0,/var/aegir/platforms/scratchpads-2.10.1
anthemideae.myspecies.info,anthemideaemyspe,157.140.2.164,1352.0,/var/aegir/platforms/scratchpads-2.10.1
stormbaymacrofauna.myspecies.info,stormbaymacrof_0,157.140.2.153,22640.0,/var/aegir/platforms/scratchpads-2.10.1
hebfauna.myspecies.info,hebfaunamyspecie,157.140.2.153,2709.0,/var/aegir/platforms/scratchpads-2.10.1
nematodes.myspecies.info,nematodesmyspeci,157.140.2.153,1235.0,/var/aegir/platforms/scratchpads-2.10.1
espermatofitas-del-uruguay.myspecies.info,espermatofitasde,157.140.2.153,13026.0,/var/aegir/platforms/scratchpads-2.10.1
dsp.myspecies.info,dspmyspeciesinfo,157.140.2.171,4699.0,/var/aegir/platforms/scratchpads-2.10.1
bijagual.myspecies.info,bijagualmyspecie,157.140.2.153,3261.0,/var/aegir/platforms/scratchpads-2.10.1
xanthorrhoeaceae.e-monocot.org,xanthorrhoeaceae,157.140.2.153,3277.0,/var/aegir/platforms/scratchpads-2.10.1
thaicanthium.myspecies.info,thaicanthiummy_0,157.140.2.171,1532.0,/var/aegir/platforms/scratchpads-2.10.1
sciencepolicy.myspecies.info,sciencepolicym_0,157.140.2.171,2865.0,/var/aegir/platforms/scratchpads-2.10.1
worldodonata.myspecies.info,worldodonatamy_0,157.140.2.153,2789.0,/var/aegir/platforms/scratchpads-2.10.1
aponogetonaceae.e-monocot.org,aponogetonaceaee,157.140.2.153,3837.0,/var/aegir/platforms/scratchpads-2.10.1
pacificicadellidae.myspecies.info,pacificicadellid,157.140.2.171,3781.0,/var/aegir/platforms/scratchpads-2.10.1
bioacoustics.myspecies.info,bioacousticsmysp,157.140.2.164,2893.0,/var/aegir/platforms/scratchpads-2.10.1
triatominae.miza-ucv.org.ve,triatominaemiz_0,157.140.2.164,4510.0,/var/aegir/platforms/scratchpads-2.10.1
zooemu.myspecies.info,zooemumyspecie_0,157.140.2.164,3097.0,/var/aegir/platforms/scratchpads-2.10.1
kpornpun.myspecies.info,kpornpunmyspecie,157.140.2.164,1356.0,/var/aegir/platforms/scratchpads-2.10.1
nepticuloidea.info,nepticuloideainf,157.140.2.164,21238.0,/var/aegir/platforms/scratchpads-2.10.1
kpf.myspecies.info,kpfmyspeciesinfo,157.140.2.153,3449.0,/var/aegir/platforms/scratchpads-2.10.1
restionaceae.e-monocot.org,restionaceaeem_0,157.140.2.171,1448.0,/var/aegir/platforms/scratchpads-2.10.1
cyanolichens.myspecies.info,cyanolichensmysp,157.140.2.171,3053.0,/var/aegir/platforms/scratchpads-2.10.1
phyllanthus.myspecies.info,phyllanthusmys_0,157.140.2.153,4615.0,/var/aegir/platforms/scratchpads-2.10.1
bombus.myspecies.info,bombusmyspeciesi,157.140.2.153,3681.0,/var/aegir/platforms/scratchpads-2.10.1
mushroom.myspecies.info,mushroommyspecie,157.140.2.164,4575.0,/var/aegir/platforms/scratchpads-2.10.1
ffa.myspecies.info,ffamyspeciesinfo,157.140.2.153,4651.0,/var/aegir/platforms/scratchpads-2.10.1
dipterateste.myspecies.info,dipteratestemy_0,157.140.2.171,26605.0,/var/aegir/platforms/scratchpads-2.10.1
vbrant.scratchpads.org,vbrantscratchpad,157.140.2.153,1004.0,/var/aegir/platforms/vbrant_eu
matanzasriver.myspecies.info,matanzasrivermys,157.140.2.164,3085.0,/var/aegir/platforms/scratchpads-2.10.1
rocosos.myspecies.info,rocososmyspecies,157.140.2.153,26288.0,/var/aegir/platforms/scratchpads-2.10.1
isamb.myspecies.info,isambmyspeciesin,157.140.2.164,1063.0,/var/aegir/platforms/scratchpads-2.10.1
stats.scratchpads.eu,statsscratchpads,157.140.2.153,1020.0,/var/aegir/platforms/stats_scratchpads_eu
eulophiinae.e-monocot.org,eulophiinaeemono,157.140.2.171,3657.0,/var/aegir/platforms/scratchpads-2.10.1
treeschool.myspecies.info,treeschoolmysp_0,157.140.2.153,1304.0,/var/aegir/platforms/scratchpads-2.10.1
asterozoa.myspecies.info,asterozoamyspeci,157.140.2.164,2881.0,/var/aegir/platforms/scratchpads-2.10.1
cypripedioideae.e-monocot.org,cypripedioidea_1,157.140.2.153,3741.0,/var/aegir/platforms/scratchpads-2.10.1
parasitica.myspecies.info,parasiticamysp_0,157.140.2.153,2901.0,/var/aegir/platforms/scratchpads-2.10.1
entiminae.myspecies.info,entiminaemyspeci,157.140.2.171,26270.0,/var/aegir/platforms/scratchpads-2.10.1
nepticuloidea4.myspecies.info,nepticuloidea4my,157.140.2.164,4819.0,/var/aegir/platforms/scratchpads-2.10.1
amaryllidaceae.myspecies.info,amaryllidaceaemy,157.140.2.164,2307.0,/var/aegir/platforms/scratchpads-2.10.1
cyarthros.myspecies.info,cyarthrosmyspe_1,157.140.2.164,2569.0,/var/aegir/platforms/scratchpads-2.10.1
xestospongia.myspecies.info,xestospongiamy_0,157.140.2.164,1804.0,/var/aegir/platforms/scratchpads-2.10.1
propetaxon.myspecies.info,propetaxonmysp_0,157.140.2.153,2529.0,/var/aegir/platforms/scratchpads-2.10.1
empidoidea.myspecies.info,empidoideamyspec,157.140.2.164,4210.0,/var/aegir/platforms/scratchpads-2.10.1
khuntuennoi.myspecies.info,khuntuennoimyspe,157.140.2.153,3809.0,/var/aegir/platforms/scratchpads-2.10.1
thailsugarpalms.myspecies.info,thailsugarpalm_0,157.140.2.164,3853.0,/var/aegir/platforms/scratchpads-2.10.1
rpwgenome.myspecies.info,rpwgenomemyspeci,157.140.2.153,19116.0,/var/aegir/platforms/scratchpads-2.10.1
polychaetes.info,polychaetesinf_0,157.140.2.153,1776.0,/var/aegir/platforms/scratchpads-2.10.1
knoxia.myspecies.info,knoxiamyspeciesi,157.140.2.153,1552.0,/var/aegir/platforms/scratchpads-2.10.1
wallaceletters.myspecies.info,wallaceletters_0,157.140.2.153,1504.0,/var/aegir/platforms/scratchpads-2.10.1
colchicaceae.e-monocot.org,colchicaceaeemon,157.140.2.164,3873.0,/var/aegir/platforms/scratchpads-2.10.1
phanom.myspecies.info,phanommyspecie_0,157.140.2.164,1175.0,/var/aegir/platforms/scratchpads-2.10.1
alpineplants.myspecies.info,alpineplantsmy_0,157.140.2.153,22581.0,/var/aegir/platforms/scratchpads-2.10.1
kadsura.myspecies.info,kadsuramyspecies,157.140.2.171,2059.0,/var/aegir/platforms/scratchpads-2.10.1
micropezids.myspecies.info,micropezidsmys_0,157.140.2.164,6270.0,/var/aegir/platforms/scratchpads-2.10.1
benthic-foraminifera.myspecies.info,benthicforaminif,157.140.2.164,4230.0,/var/aegir/platforms/scratchpads-2.10.1
thailandweeds.myspecies.info,thailandweedsm_0,157.140.2.171,3093.0,/var/aegir/platforms/scratchpads-2.10.1
insects.myspecies.info,insectsmyspecies,157.140.2.164,4182.0,/var/aegir/platforms/scratchpads-2.10.1
mammals.myspecies.info,mammalsmyspecies,157.140.2.153,4534.0,/var/aegir/platforms/scratchpads-2.10.1
kamptozoa.myspecies.info,kamptozoamyspeci,157.140.2.153,2315.0,/var/aegir/platforms/scratchpads-2.10.1
australasianasiloidea.myspecies.info,australasianasil,157.140.2.171,1948.0,/var/aegir/platforms/scratchpads-2.10.1
iberiandiptera.myspecies.info,iberiandipteramy,157.140.2.171,2331.0,/var/aegir/platforms/scratchpads-2.10.1
atlaspapillonsmidipyrenees.myspecies.info,atlaspapillonsmi,157.140.2.164,3129.0,/var/aegir/platforms/scratchpads-2.10.1
parquefagro.myspecies.info,parquefagromys_0,157.140.2.153,13041.0,/var/aegir/platforms/scratchpads-2.10.1
biodiversityciliatessc.myspecies.info,biodiversitycili,157.140.2.171,3509.0,/var/aegir/platforms/scratchpads-2.10.1
hoya.myspecies.info,hoyamyspeciesinf,157.140.2.171,3533.0,/var/aegir/platforms/scratchpads-2.10.1
annonaceae.myspecies.info,annonaceaemyspec,157.140.2.164,2231.0,/var/aegir/platforms/scratchpads-2.10.1
malvaceae.myspecies.info,malvaceaemyspeci,157.140.2.153,4294.0,/var/aegir/platforms/scratchpads-2.10.1
ethnobotanyofkaren.myspecies.info,ethnobotanyofkar,157.140.2.171,3341.0,/var/aegir/platforms/scratchpads-2.10.1
myrcia.myspecies.info,myrciamyspeciesi,157.140.2.171,1344.0,/var/aegir/platforms/scratchpads-2.10.1
phthiraptera.info,phthirapterainfo,157.140.2.153,6115.0,/var/aegir/platforms/scratchpads-2.10.1
algaldiseases.myspecies.info,algaldiseasesm_0,157.140.2.164,16629.0,/var/aegir/platforms/scratchpads-2.10.1
guammollusca.myspecies.info,guammolluscamysp,157.140.2.171,6279.0,/var/aegir/platforms/scratchpads-2.10.1
diatoms.myspecies.info,diatomsmyspecies,157.140.2.171,2271.0,/var/aegir/platforms/scratchpads-2.10.1
porifera.myspecies.info,poriferamyspec_0,157.140.2.164,3685.0,/var/aegir/platforms/scratchpads-2.10.1
anseriformes.myspecies.info,anseriformesmysp,157.140.2.153,2004.0,/var/aegir/platforms/scratchpads-2.10.1
bryophyta.myspecies.info,bryophytamyspe_0,157.140.2.171,22568.0,/var/aegir/platforms/scratchpads-2.10.1
prismatomeris.myspecies.info,prismatomerism_0,157.140.2.153,1199.0,/var/aegir/platforms/scratchpads-2.10.1
limestoneflorainthailand.myspecies.info,limestoneflorain,157.140.2.171,1123.0,/var/aegir/platforms/scratchpads-2.10.1
ukhymenoptera.myspecies.info,ukhymenopteram_0,157.140.2.164,2459.0,/var/aegir/platforms/scratchpads-2.10.1
convolvulaceae.myspecies.info,convolvulaceaemy,157.140.2.171,3317.0,/var/aegir/platforms/scratchpads-2.10.1
annelida.myspecies.info,annelidamyspecie,157.140.2.164,1924.0,/var/aegir/platforms/scratchpads-2.10.1
neritopsine.myspecies.info,neritopsinemyspe,157.140.2.153,6097.0,/var/aegir/platforms/scratchpads-2.10.1
malaysiamammals.myspecies.info,malaysiamammalsm,157.140.2.171,1752.0,/var/aegir/platforms/scratchpads-2.10.1
acanthaceae.myspecies.info,acanthaceaemyspe,157.140.2.164,3921.0,/var/aegir/platforms/scratchpads-2.10.1
floraofksa.myspecies.info,floraofksamyspec,157.140.2.164,6282.0,/var/aegir/platforms/scratchpads-2.10.1
afrotropical-culicidae.myspecies.info,afrotropicalcu_0,157.140.2.171,27005.0,/var/aegir/platforms/scratchpads-2.10.1
ophiuroids.myspecies.info,ophiuroidsmysp_0,157.140.2.153,2673.0,/var/aegir/platforms/scratchpads-2.10.1
westpyrfloraconservation.myspecies.info,westpyrfloraco_0,157.140.2.171,2275.0,/var/aegir/platforms/scratchpads-2.10.1
wildlifewindows.myspecies.info,wildlifewindow_0,157.140.2.171,2849.0,/var/aegir/platforms/scratchpads-2.10.1
seagrasses.myspecies.info,seagrassesmyspec,157.140.2.171,16827.0,/var/aegir/platforms/scratchpads-2.10.1
aba.myspecies.info,abamyspeciesin_0,157.140.2.164,1027.0,/var/aegir/platforms/scratchpads-2.10.1
digimar.myspecies.info,digimarmyspecies,157.140.2.171,4478.0,/var/aegir/platforms/scratchpads-2.10.1
lincolnsflorafauna.myspecies.info,lincolnsflorafau,157.140.2.171,2585.0,/var/aegir/platforms/scratchpads-2.10.1
ciliateguide.myspecies.info,ciliateguidemysp,157.140.2.171,19120.0,/var/aegir/platforms/scratchpads-2.10.1
seaweeds.myspecies.info,seaweedsmyspec_0,157.140.2.171,1187.0,/var/aegir/platforms/scratchpads-2.10.1
xyridaceae.e-monocot.org,xyridaceaeemon_0,157.140.2.153,3045.0,/var/aegir/platforms/scratchpads-2.10.1
camptosomata.myspecies.info,camptosomatamysp,157.140.2.164,3841.0,/var/aegir/platforms/scratchpads-2.10.1
coreidae.myspecies.info,coreidaemyspecie,157.140.2.164,3265.0,/var/aegir/platforms/scratchpads-2.10.1
liliaceae.e-monocot.org,liliaceaeemonoco,157.140.2.153,2861.0,/var/aegir/platforms/scratchpads-2.10.1
scolocuba2.taxon.name,scolocuba2taxo_0,157.140.2.153,4955.0,/var/aegir/platforms/scratchpads-2.10.1
wtapassifloraceae.myspecies.info,wtapassiflorac_0,157.140.2.153,1704.0,/var/aegir/platforms/scratchpads-2.10.1
araceae.e-monocot.org,araceaeemonocoto,157.140.2.164,2203.0,/var/aegir/platforms/scratchpads-2.10.1
beefossils.myspecies.info,beefossilsmyspec,157.140.2.171,3161.0,/var/aegir/platforms/scratchpads-2.10.1
termites.myspecies.info,termitesmyspec_0,157.140.2.171,2573.0,/var/aegir/platforms/scratchpads-2.10.1
undergrowth.myspecies.info,undergrowthmys_0,157.140.2.153,4330.0,/var/aegir/platforms/scratchpads-2.10.1
treeplantae.myspecies.info,treeplantaemys_0,157.140.2.171,13071.0,/var/aegir/platforms/scratchpads-2.10.1
myriatrix.myspecies.info,myriatrixmyspe_0,157.140.2.171,6207.0,/var/aegir/platforms/scratchpads-2.10.1
aipa.myspecies.info,aipamyspeciesinf,157.140.2.171,1664.0,/var/aegir/platforms/scratchpads-2.10.1
cusucobeetles.myspecies.info,cusucobeetlesmys,157.140.2.171,4274.0,/var/aegir/platforms/scratchpads-2.10.1
nantiyaag2.myspecies.info,nantiyaag2myspec,157.140.2.171,2355.0,/var/aegir/platforms/scratchpads-2.10.1
rothmannia.myspecies.info,rothmanniamysp_0,157.140.2.164,3325.0,/var/aegir/platforms/scratchpads-2.10.1
borneobeetles.myspecies.info,borneobeetlesmys,157.140.2.171,3953.0,/var/aegir/platforms/scratchpads-2.10.1
galaxiids.myspecies.info,galaxiidsmyspeci,157.140.2.153,3385.0,/var/aegir/platforms/scratchpads-2.10.1
slovaconitum.myspecies.info,slovaconitummy_0,157.140.2.171,1360.0,/var/aegir/platforms/scratchpads-2.10.1
rusant-lv.myspecies.info,rusantlvmyspecie,157.140.2.171,18496.0,/var/aegir/platforms/scratchpads-2.10.1
clcdb.myspecies.info,clcdbmyspeciesin,157.140.2.164,4743.0,/var/aegir/platforms/scratchpads-2.10.1
systematicsblog.myspecies.info,systematicsblo_0,157.140.2.153,1219.0,/var/aegir/platforms/scratchpads-2.10.1
veterinaryforensicentomology.myspecies.info,veterinaryfore_0,157.140.2.171,4178.0,/var/aegir/platforms/scratchpads-2.10.1
diptera.myspecies.info,dipteramyspecies,157.140.2.153,2877.0,/var/aegir/platforms/scratchpads-2.10.1
viburnum.myspecies.info,viburnummyspec_0,157.140.2.164,3073.0,/var/aegir/platforms/scratchpads-2.10.1
sami.myspecies.info,samimyspeciesi_0,157.140.2.171,3069.0,/var/aegir/platforms/scratchpads-2.10.1
pong.e-monocot.org,pongemonocotor_0,157.140.2.171,1042.0,/var/aegir/platforms/scratchpads-2.10.1
eye.myspecies.info,eyemyspeciesinfo,157.140.2.153,3633.0,/var/aegir/platforms/scratchpads-2.10.1
oribatidafinland.myspecies.info,oribatidafinla_0,157.140.2.164,3653.0,/var/aegir/platforms/scratchpads-2.10.1
megaloptera.myspecies.info,megalopteramyspe,157.140.2.153,3033.0,/var/aegir/platforms/scratchpads-2.10.1
neotropicalfishes.myspecies.info,neotropicalfishe,157.140.2.164,2797.0,/var/aegir/platforms/scratchpads-2.10.1
ranong.myspecies.info,ranongmyspecie_0,157.140.2.164,3937.0,/var/aegir/platforms/scratchpads-2.10.1
sileneae.myspecies.info,sileneaemyspec_0,157.140.2.171,3329.0,/var/aegir/platforms/scratchpads-2.10.1
chinaamimal.myspecies.info,chinaamimalmys_2,157.140.2.153,2147.0,/var/aegir/platforms/scratchpads-2.10.1
chondrichthyes.myspecies.info,chondrichthyesmy,157.140.2.171,2749.0,/var/aegir/platforms/scratchpads-2.10.1
dinoflagellate.myspecies.info,dinoflagellatemy,157.140.2.164,2507.0,/var/aegir/platforms/scratchpads-2.10.1
amaryllidaceae.e-monocot.org,amaryllidaceaeem,157.140.2.164,1508.0,/var/aegir/platforms/scratchpads-2.10.1
rubiaceae-africa.myspecies.info,rubiaceaeafric_0,157.140.2.164,2617.0,/var/aegir/platforms/scratchpads-2.10.1
borneanlandsnails.myspecies.info,borneanlandsnail,157.140.2.164,1420.0,/var/aegir/platforms/scratchpads-2.10.1
eriocaulaceae.e-monocot.org,eriocaulaceaee_1,157.140.2.171,2411.0,/var/aegir/platforms/scratchpads-2.10.1
lymeregis.e-monocot.org,lymeregisemonoco,157.140.2.153,1736.0,/var/aegir/platforms/scratchpads-2.10.1
boraginales.myspecies.info,boraginalesmys_0,157.140.2.164,2917.0,/var/aegir/platforms/scratchpads-2.10.1
microlepfrance.myspecies.info,microlepfrance_0,157.140.2.171,2825.0,/var/aegir/platforms/scratchpads-2.10.1
latinamericanmalvoideae.e-monocot.org,latinamericanmal,157.140.2.164,1576.0,/var/aegir/platforms/scratchpads-2.10.1
open-up.myspecies.info,openupmyspecie_0,157.140.2.164,2593.0,/var/aegir/platforms/scratchpads-2.10.1
pinus.myspecies.info,pinusmyspecies_0,157.140.2.171,3181.0,/var/aegir/platforms/scratchpads-2.10.1
marineinvaders.myspecies.info,marineinvadersmy,157.140.2.171,1051.0,/var/aegir/platforms/scratchpads-2.10.1
cecropia.myspecies.info,cecropiamyspecie,157.140.2.171,4446.0,/var/aegir/platforms/scratchpads-2.10.1
tectaria.myspecies.info,tectariamyspec_0,157.140.2.171,4302.0,/var/aegir/platforms/scratchpads-2.10.1
seasiaclitoria.myspecies.info,seasiaclitoria_0,157.140.2.164,2151.0,/var/aegir/platforms/scratchpads-2.10.1
speciesgreece.myspecies.info,speciesgreecem_0,157.140.2.153,1644.0,/var/aegir/platforms/scratchpads-2.10.1
scan.myspecies.info,scanmyspeciesi_0,157.140.2.171,2012.0,/var/aegir/platforms/scratchpads-2.10.1
earlyconifers.myspecies.info,earlyconifersmys,157.140.2.171,1604.0,/var/aegir/platforms/scratchpads-2.10.1
soilbiodiversityuk.myspecies.info,soilbiodiversi_0,157.140.2.171,2367.0,/var/aegir/platforms/scratchpads-2.10.1
monogenius.myspecies.info,monogeniusmysp_0,157.140.2.171,2139.0,/var/aegir/platforms/scratchpads-2.10.1
vegetacao-praias.myspecies.info,vegetacaopraia_0,157.140.2.171,4402.0,/var/aegir/platforms/scratchpads-2.10.1
elisatesting.myspecies.info,elisatestingmysp,157.140.2.153,4114.0,/var/aegir/platforms/scratchpads-2.10.1
coastalsavannasfrenchguiana.myspecies.info,coastalsavannasf,157.140.2.153,1880.0,/var/aegir/platforms/scratchpads-2.10.1
falklands.myspecies.info,falklandsmyspeci,157.140.2.164,4250.0,/var/aegir/platforms/scratchpads-2.10.1
ipaeg.org,ipaegorg,157.140.2.171,3749.0,/var/aegir/platforms/scratchpads-2.10.1
notocacteae.myspecies.info,notocacteaemyspe,157.140.2.153,2155.0,/var/aegir/platforms/scratchpads-2.10.1
aframomum.myspecies.info,aframomummyspe_0,157.140.2.171,3761.0,/var/aegir/platforms/scratchpads-2.10.1
h2020.myspecies.info,h2020myspeciesin,157.140.2.164,2027.0,/var/aegir/platforms/scratchpads-2.10.1
bopco.myspecies.info,bopcomyspecies_1,157.140.2.164,4206.0,/var/aegir/platforms/scratchpads-2.10.1
lutrochidae.myspecies.info,lutrochidaemyspe,157.140.2.171,3845.0,/var/aegir/platforms/scratchpads-2.10.1
eriocaulon.myspecies.info,eriocaulonmyspec,157.140.2.164,1408.0,/var/aegir/platforms/scratchpads-2.10.1
ecbol3.myspecies.info,ecbol3myspeciesi,157.140.2.153,3405.0,/var/aegir/platforms/scratchpads-2.10.1
orchidearlycareer.myspecies.info,orchidearlycar_0,157.140.2.164,3917.0,/var/aegir/platforms/scratchpads-2.10.1
sichuanferns.myspecies.info,sichuanfernsmy_0,157.140.2.171,4134.0,/var/aegir/platforms/scratchpads-2.10.1
ichneumoninae.myspecies.info,ichneumoninaem_0,157.140.2.171,39766.0,/var/aegir/platforms/scratchpads-2.10.1
simuliidae.myspecies.info,simuliidaemysp_0,157.140.2.153,2371.0,/var/aegir/platforms/scratchpads-2.10.1
dendrobium-stachyobium.myspecies.info,dendrobiumstachy,157.140.2.171,4314.0,/var/aegir/platforms/scratchpads-2.10.1
bioamba.myspecies.info,bioambamyspecies,157.140.2.153,3169.0,/var/aegir/platforms/scratchpads-2.10.1
thaifernflora.myspecies.info,thaifernfloram_0,157.140.2.153,1700.0,/var/aegir/platforms/scratchpads-2.10.1
tachinidae.myspecies.info,tachinidaemysp_0,157.140.2.171,2115.0,/var/aegir/platforms/scratchpads-2.10.1
nspainendemicflora.myspecies.info,nspainendemicflo,157.140.2.153,3305.0,/var/aegir/platforms/scratchpads-2.10.1
dilleniaceaeofthailand.myspecies.info,dilleniaceaeofth,157.140.2.171,6123.0,/var/aegir/platforms/scratchpads-2.9.17.1
tribeeragrostideae.myspecies.info,tribeeragrosti_0,157.140.2.153,1676.0,/var/aegir/platforms/scratchpads-2.10.1
alienplantsbelgium.be,alienplantsbel_1,157.140.2.171,1500.0,/var/aegir/platforms/scratchpads-2.10.1
endemics-eriocaulaceae.myspecies.info,endemicserioca_0,157.140.2.153,3885.0,/var/aegir/platforms/scratchpads-2.10.1
biodiversidadelubango.myspecies.info,biodiversidadelu,157.140.2.171,4074.0,/var/aegir/platforms/scratchpads-2.10.1
toona.myspecies.info,toonamyspecies_0,157.140.2.171,4350.0,/var/aegir/platforms/scratchpads-2.10.1
pngbirds.myspecies.info,pngbirdsmyspec_0,157.140.2.164,3777.0,/var/aegir/platforms/scratchpads-2.10.1
acanthaceaeth.myspecies.info,acanthaceaethmys,157.140.2.153,4342.0,/var/aegir/platforms/scratchpads-2.10.1
rubiaceae.myspecies.info,rubiaceaemyspe_0,157.140.2.164,3961.0,/var/aegir/platforms/scratchpads-2.10.1
lycosidae.myspecies.info,lycosidaemyspeci,157.140.2.164,3289.0,/var/aegir/platforms/scratchpads-2.10.1
afroannons.myspecies.info,afroannonsmysp_0,157.140.2.164,2127.0,/var/aegir/platforms/scratchpads-2.10.1
soilanimals.myspecies.info,soilanimalsmys_0,157.140.2.171,4266.0,/var/aegir/platforms/scratchpads-2.10.1
scilloideae.e-monocot.org,scilloideaeemo_0,157.140.2.171,1824.0,/var/aegir/platforms/scratchpads-2.10.1
heliotropium.myspecies.info,heliotropiummysp,157.140.2.153,3833.0,/var/aegir/platforms/scratchpads-2.10.1
iberianodonataucm.myspecies.info,iberianodonatauc,157.140.2.164,1892.0,/var/aegir/platforms/scratchpads-2.10.1
tunicata.myspecies.info,tunicatamyspec_0,157.140.2.164,2641.0,/var/aegir/platforms/scratchpads-2.10.1
tipos.miza-ucv.org.ve,tiposmizaucvor_0,157.140.2.171,4254.0,/var/aegir/platforms/scratchpads-2.10.1
killerwhales.myspecies.info,killerwhalesmysp,157.140.2.171,3893.0,/var/aegir/platforms/scratchpads-2.10.1
empriini.myspecies.info,empriinimyspecie,157.140.2.153,1864.0,/var/aegir/platforms/scratchpads-2.10.1
alientoma.myspecies.info,alientomamyspe_0,157.140.2.164,32372.0,/var/aegir/platforms/scratchpads-2.10.1
londonfungi.myspecies.info,londonfungimys_0,157.140.2.164,3205.0,/var/aegir/platforms/scratchpads-2.10.1
pumpui19.myspecies.info,pumpui19myspec_0,157.140.2.171,3361.0,/var/aegir/platforms/scratchpads-2.10.1
lonchaeidae.myspecies.info,lonchaeidaemyspe,157.140.2.153,4018.0,/var/aegir/platforms/scratchpads-2.10.1
classifications.scratchpads.eu,classificationss,157.140.2.171,9612.0,/var/aegir/platforms/scratchpads-classifications.scratchpads.eu
alpheidae.myspecies.info,alpheidaemyspeci,157.140.2.171,2227.0,/var/aegir/platforms/scratchpads-2.10.1
reddatabook.myspecies.info,reddatabookmys_0,157.140.2.153,4258.0,/var/aegir/platforms/scratchpads-2.10.1
efi-eafe.myspecies.info,efieafemyspecies,157.140.2.153,2071.0,/var/aegir/platforms/scratchpads-2.10.1
bromeliaceasuy.myspecies.info,bromeliaceasuymy,157.140.2.171,13035.0,/var/aegir/platforms/scratchpads-2.10.1
arachnids.myspecies.info,arachnidsmyspeci,157.140.2.153,2705.0,/var/aegir/platforms/scratchpads-2.10.1
alysicarpus.myspecies.info,alysicarpusmyspe,157.140.2.171,4583.0,/var/aegir/platforms/scratchpads-2.10.1
grassworld.myspecies.info,grassworldmyspec,157.140.2.171,2837.0,/var/aegir/platforms/scratchpads-2.10.1
mochokidae.myspecies.info,mochokidaemyspec,157.140.2.164,1756.0,/var/aegir/platforms/scratchpads-2.10.1
nhmhumanparasites.myspecies.info,nhmhumanparasite,157.140.2.171,1239.0,/var/aegir/platforms/scratchpads-2.10.1
aroidsthailand.myspecies.info,aroidsthailandmy,157.140.2.164,2183.0,/var/aegir/platforms/scratchpads-2.10.1
staurozoa.myspecies.info,staurozoamyspe_0,157.140.2.153,2131.0,/var/aegir/platforms/scratchpads-2.10.1
nsuratensis.myspecies.info,nsuratensismyspe,157.140.2.171,1632.0,/var/aegir/platforms/scratchpads-2.10.1
ausgrass2.myspecies.info,ausgrass2myspeci,157.140.2.164,2483.0,/var/aegir/platforms/scratchpads-2.10.1
common-names.myspecies.info,commonnamesmyspe,157.140.2.153,3221.0,/var/aegir/platforms/scratchpads-2.10.1
tetracyclus.myspecies.info,tetracyclusmys_0,157.140.2.164,2415.0,/var/aegir/platforms/scratchpads-2.10.1
bryobr.myspecies.info,bryobrmyspeciesi,157.140.2.153,2993.0,/var/aegir/platforms/scratchpads-2.10.1
encarsia.myspecies.info,encarsiamyspecie,157.140.2.164,2111.0,/var/aegir/platforms/scratchpads-2.10.1
swio.myspecies.info,swiomyspeciesi_0,157.140.2.164,1251.0,/var/aegir/platforms/scratchpads-2.10.1
buckwheat.myspecies.info,buckwheatmyspeci,157.140.2.153,4595.0,/var/aegir/platforms/scratchpads-2.10.1
lnhs.myspecies.info,lnhsmyspeciesinf,157.140.2.171,2175.0,/var/aegir/platforms/scratchpads-2.10.1
britishbryozoans.myspecies.info,britishbryozoans,157.140.2.164,2809.0,/var/aegir/platforms/scratchpads-2.10.1
scarabnet.myspecies.info,scarabnetmyspe_0,157.140.2.153,2921.0,/var/aegir/platforms/scratchpads-2.10.1
hesperidaeucm.myspecies.info,hesperidaeucmmys,157.140.2.153,2973.0,/var/aegir/platforms/scratchpads-2.10.1
coreopsideaeuy.myspecies.info,coreopsideaeuymy,157.140.2.153,13029.0,/var/aegir/platforms/scratchpads-2.10.1
cephaloleia.myspecies.info,cephaloleiamyspe,157.140.2.171,3645.0,/var/aegir/platforms/scratchpads-2.10.1
singaporeants.myspecies.info,singaporeantsm_0,157.140.2.171,1884.0,/var/aegir/platforms/scratchpads-2.10.1
lasianthus.myspecies.info,lasianthusmyspec,157.140.2.153,1195.0,/var/aegir/platforms/scratchpads-2.10.1
orchideae.e-monocot.org,orchideaeemono_0,157.140.2.164,3337.0,/var/aegir/platforms/scratchpads-2.10.1
diplazium.myspecies.info,diplaziummyspe_0,157.140.2.164,1147.0,/var/aegir/platforms/scratchpads-2.10.1
